Trade number,類型,日期和時間,訊號,價格 TWD,大小（數量）,大小（值）,淨損益 TWD,淨損益 %,有利波動 TWD,有利波動 %,不利波動 TWD,不利波動 %,累計損益 TWD,累計損益 %
1,多頭出場,2022-06-01 09:50,Close entry(s) order Long 0050,32.45,1,32.45,0,0.00,0,0.00,-0.05,-0.15,0,0.00
1,多頭進場,2022-06-01 09:40,Long 0050,32.45,1,32.45,0,0.00,0,0.00,-0.05,-0.15,0,0.00
2,多頭出場,2022-06-01 10:35,Close entry(s) order Long 0050,32.5,1,32.5,0,0.00,0,0.00,-0.05,-0.15,0,0.00
2,多頭進場,2022-06-01 10:25,Long 0050,32.5,1,32.5,0,0.00,0,0.00,-0.05,-0.15,0,0.00
3,多頭出場,2022-06-14 12:15,Close entry(s) order Long 0050,30.85,1,30.75,0.1,0.33,0.1,0.33,0,0.00,0.1,0.00
3,多頭進場,2022-06-14 12:05,Long 0050,30.75,1,30.75,0.1,0.33,0.1,0.33,0,0.00,0.1,0.00
4,多頭出場,2022-06-17 13:10,Close entry(s) order Long 0050,30.2,1,30.2,0,0.00,0.05,0.17,-0.05,-0.17,0.1,0.00
4,多頭進場,2022-06-17 13:00,Long 0050,30.2,1,30.2,0,0.00,0.05,0.17,-0.05,-0.17,0.1,0.00
5,多頭出場,2022-06-22 11:00,Close entry(s) order Long 0050,29.9,1,30,-0.1,-0.33,0,0.00,-0.1,-0.33,0,0.00
5,多頭進場,2022-06-22 10:50,Long 0050,30,1,30,-0.1,-0.33,0,0.00,-0.1,-0.33,0,0.00
6,多頭出場,2022-06-22 11:50,Close entry(s) order Long 0050,29.9,1,29.9,0,0.00,0,0.00,0,0.00,0,0.00
6,多頭進場,2022-06-22 11:40,Long 0050,29.9,1,29.9,0,0.00,0,0.00,0,0.00,0,0.00
7,多頭出場,2022-07-01 11:55,Close entry(s) order Long 0050,28,1,28,0,0.00,0,0.00,-0.05,-0.18,0,0.00
7,多頭進場,2022-07-01 11:45,Long 0050,28,1,28,0,0.00,0,0.00,-0.05,-0.18,0,0.00
8,多頭出場,2022-07-01 12:15,Close entry(s) order Long 0050,28,1,28.1,-0.1,-0.36,0,0.00,-0.1,-0.36,-0.1,0.00
8,多頭進場,2022-07-01 12:05,Long 0050,28.1,1,28.1,-0.1,-0.36,0,0.00,-0.1,-0.36,-0.1,0.00
9,多頭出場,2022-07-04 11:00,Close entry(s) order Long 0050,27.75,1,27.65,0.1,0.36,0.1,0.36,0,0.00,0,0.00
9,多頭進場,2022-07-04 10:50,Long 0050,27.65,1,27.65,0.1,0.36,0.1,0.36,0,0.00,0,0.00
10,多頭出場,2022-07-04 12:50,Close entry(s) order Long 0050,27.5,1,27.5,0,0.00,0.05,0.18,0,0.00,0,0.00
10,多頭進場,2022-07-04 12:40,Long 0050,27.5,1,27.5,0,0.00,0.05,0.18,0,0.00,0,0.00
11,多頭出場,2022-07-05 09:40,Close entry(s) order Long 0050,27.85,1,27.85,0,0.00,0.05,0.18,-0.05,-0.18,0,0.00
11,多頭進場,2022-07-05 09:30,Long 0050,27.85,1,27.85,0,0.00,0.05,0.18,-0.05,-0.18,0,0.00
12,多頭出場,2022-07-05 10:45,Close entry(s) order Long 0050,27.5,1,27.45,0.05,0.18,0.15,0.55,0,0.00,0.05,0.00
12,多頭進場,2022-07-05 10:35,Long 0050,27.45,1,27.45,0.05,0.18,0.15,0.55,0,0.00,0.05,0.00
13,多頭出場,2022-07-05 12:55,Close entry(s) order Long 0050,27.6,1,27.6,0,0.00,0.05,0.18,-0.05,-0.18,0.05,0.00
13,多頭進場,2022-07-05 12:45,Long 0050,27.6,1,27.6,0,0.00,0.05,0.18,-0.05,-0.18,0.05,0.00
14,多頭出場,2022-07-11 11:05,Close entry(s) order Long 0050,28.05,1,28,0.05,0.18,0.05,0.18,0,0.00,0.1,0.00
14,多頭進場,2022-07-11 11:00,Long 0050,28,1,28,0.05,0.18,0.05,0.18,0,0.00,0.1,0.00
15,多頭出場,2022-07-12 10:20,Close entry(s) order Long 0050,27.45,1,27.45,0,0.00,0.05,0.18,0,0.00,0.1,0.00
15,多頭進場,2022-07-12 10:15,Long 0050,27.45,1,27.45,0,0.00,0.05,0.18,0,0.00,0.1,0.00
16,多頭出場,2022-07-28 09:20,Close entry(s) order Long 0050,29.4,1,29.35,0.05,0.17,0.05,0.17,0,0.00,0.15,0.00
16,多頭進場,2022-07-28 09:10,Long 0050,29.35,1,29.35,0.05,0.17,0.05,0.17,0,0.00,0.15,0.00
17,多頭出場,2022-08-01 09:15,Close entry(s) order Long 0050,29.35,1,29.3,0.05,0.17,0.05,0.17,0,0.00,0.2,0.00
17,多頭進場,2022-08-01 09:10,Long 0050,29.3,1,29.3,0.05,0.17,0.05,0.17,0,0.00,0.2,0.00
18,多頭出場,2022-08-04 11:50,Close entry(s) order Long 0050,28.9,1,28.95,-0.05,-0.17,0,0.00,-0.15,-0.52,0.15,0.00
18,多頭進場,2022-08-04 11:40,Long 0050,28.95,1,28.95,-0.05,-0.17,0,0.00,-0.15,-0.52,0.15,0.00
19,多頭出場,2022-08-17 10:00,Close entry(s) order Long 0050,30.55,1,30.55,0,0.00,0.05,0.16,0,0.00,0.15,0.00
19,多頭進場,2022-08-17 09:50,Long 0050,30.55,1,30.55,0,0.00,0.05,0.16,0,0.00,0.15,0.00
20,多頭出場,2022-08-17 12:50,Close entry(s) order Long 0050,30.5,1,30.45,0.05,0.16,0.05,0.16,0,0.00,0.2,0.00
20,多頭進場,2022-08-17 12:40,Long 0050,30.45,1,30.45,0.05,0.16,0.05,0.16,0,0.00,0.2,0.00
21,多頭出場,2022-08-24 12:25,Close entry(s) order Long 0050,29.45,1,29.45,0,0.00,0.05,0.17,-0.05,-0.17,0.2,0.00
21,多頭進場,2022-08-24 12:15,Long 0050,29.45,1,29.45,0,0.00,0.05,0.17,-0.05,-0.17,0.2,0.00
22,多頭出場,2022-09-21 10:20,Close entry(s) order Long 0050,28.1,1,28.1,0,0.00,0.05,0.18,0,0.00,0.2,0.00
22,多頭進場,2022-09-21 10:10,Long 0050,28.1,1,28.1,0,0.00,0.05,0.18,0,0.00,0.2,0.00
23,多頭出場,2022-10-11 11:55,Close entry(s) order Long 0050,25.2,1,25.2,0,0.00,0,0.00,0,0.00,0.2,0.00
23,多頭進場,2022-10-11 11:50,Long 0050,25.2,1,25.2,0,0.00,0,0.00,0,0.00,0.2,0.00
24,多頭出場,2022-11-14 10:45,Close entry(s) order Long 0050,27.55,1,27.5,0.05,0.18,0.05,0.18,0,0.00,0.25,0.00
24,多頭進場,2022-11-14 10:35,Long 0050,27.5,1,27.5,0.05,0.18,0.05,0.18,0,0.00,0.25,0.00
25,多頭出場,2022-11-29 10:10,Close entry(s) order Long 0050,28.55,1,28.6,-0.05,-0.17,0,0.00,-0.1,-0.35,0.2,0.00
25,多頭進場,2022-11-29 10:00,Long 0050,28.6,1,28.6,-0.05,-0.17,0,0.00,-0.1,-0.35,0.2,0.00
26,多頭出場,2022-11-29 12:25,Close entry(s) order Long 0050,28.8,1,28.75,0.05,0.17,0.05,0.17,0,0.00,0.25,0.00
26,多頭進場,2022-11-29 12:15,Long 0050,28.75,1,28.75,0.05,0.17,0.05,0.17,0,0.00,0.25,0.00
27,多頭出場,2022-11-29 13:05,Close entry(s) order Long 0050,28.8,1,28.75,0.05,0.17,0.05,0.17,0,0.00,0.3,0.00
27,多頭進場,2022-11-29 12:55,Long 0050,28.75,1,28.75,0.05,0.17,0.05,0.17,0,0.00,0.3,0.00
28,多頭出場,2022-12-20 12:15,Close entry(s) order Long 0050,27.6,1,27.6,0,0.00,0.05,0.18,-0.05,-0.18,0.3,0.00
28,多頭進場,2022-12-20 12:05,Long 0050,27.6,1,27.6,0,0.00,0.05,0.18,-0.05,-0.18,0.3,0.00
29,多頭出場,2022-12-21 12:50,Close entry(s) order Long 0050,27.6,1,27.6,0,0.00,0.05,0.18,0,0.00,0.3,0.00
29,多頭進場,2022-12-21 12:40,Long 0050,27.6,1,27.6,0,0.00,0.05,0.18,0,0.00,0.3,0.00
30,多頭出場,2022-12-21 13:05,Close entry(s) order Long 0050,27.65,1,27.6,0.05,0.18,0.05,0.18,0,0.00,0.35,0.00
30,多頭進場,2022-12-21 12:55,Long 0050,27.6,1,27.6,0.05,0.18,0.05,0.18,0,0.00,0.35,0.00
31,多頭出場,2023-01-13 11:55,Close entry(s) order Long 0050,29.25,1,29.25,0,0.00,0.05,0.17,0,0.00,0.35,0.00
31,多頭進場,2023-01-13 11:45,Long 0050,29.25,1,29.25,0,0.00,0.05,0.17,0,0.00,0.35,0.00
32,多頭出場,2023-01-13 12:10,Close entry(s) order Long 0050,29.3,1,29.3,0,0.00,0,0.00,0,0.00,0.35,0.00
32,多頭進場,2023-01-13 12:00,Long 0050,29.3,1,29.3,0,0.00,0,0.00,0,0.00,0.35,0.00
33,多頭出場,2023-01-13 13:10,Close entry(s) order Long 0050,29.3,1,29.3,0,0.00,0.05,0.17,0,0.00,0.35,0.00
33,多頭進場,2023-01-13 13:00,Long 0050,29.3,1,29.3,0,0.00,0.05,0.17,0,0.00,0.35,0.00
34,多頭出場,2023-01-30 12:55,Close entry(s) order Long 0050,30.05,1,30.1,-0.05,-0.17,0,0.00,-0.05,-0.17,0.3,0.00
34,多頭進場,2023-01-30 12:45,Long 0050,30.1,1,30.1,-0.05,-0.17,0,0.00,-0.05,-0.17,0.3,0.00
35,多頭出場,2023-02-06 09:30,Close entry(s) order Long 0050,29.9,1,29.9,0,0.00,0,0.00,-0.05,-0.17,0.3,0.00
35,多頭進場,2023-02-06 09:20,Long 0050,29.9,1,29.9,0,0.00,0,0.00,-0.05,-0.17,0.3,0.00
36,多頭出場,2023-02-06 10:15,Close entry(s) order Long 0050,29.9,1,29.9,0,0.00,0,0.00,-0.05,-0.17,0.3,0.00
36,多頭進場,2023-02-06 10:05,Long 0050,29.9,1,29.9,0,0.00,0,0.00,-0.05,-0.17,0.3,0.00
37,多頭出場,2023-02-10 09:25,Close entry(s) order Long 0050,30.25,1,30.2,0.05,0.17,0.05,0.17,0,0.00,0.35,0.00
37,多頭進場,2023-02-10 09:20,Long 0050,30.2,1,30.2,0.05,0.17,0.05,0.17,0,0.00,0.35,0.00
38,多頭出場,2023-02-10 12:30,Close entry(s) order Long 0050,30.25,1,30.25,0,0.00,0,0.00,0,0.00,0.35,0.00
38,多頭進場,2023-02-10 12:20,Long 0050,30.25,1,30.25,0,0.00,0,0.00,0,0.00,0.35,0.00
39,多頭出場,2023-02-10 12:45,Close entry(s) order Long 0050,30.25,1,30.25,0,0.00,0,0.00,0,0.00,0.35,0.00
39,多頭進場,2023-02-10 12:35,Long 0050,30.25,1,30.25,0,0.00,0,0.00,0,0.00,0.35,0.00
40,多頭出場,2023-02-14 11:45,Close entry(s) order Long 0050,30.45,1,30.45,0,0.00,0,0.00,0,0.00,0.35,0.00
40,多頭進場,2023-02-14 11:40,Long 0050,30.45,1,30.45,0,0.00,0,0.00,0,0.00,0.35,0.00
41,多頭出場,2023-02-14 12:05,Close entry(s) order Long 0050,30.45,1,30.45,0,0.00,0,0.00,0,0.00,0.35,0.00
41,多頭進場,2023-02-14 12:00,Long 0050,30.45,1,30.45,0,0.00,0,0.00,0,0.00,0.35,0.00
42,多頭出場,2023-02-14 12:50,Close entry(s) order Long 0050,30.4,1,30.45,-0.05,-0.16,0,0.00,-0.05,-0.16,0.3,0.00
42,多頭進場,2023-02-14 12:45,Long 0050,30.45,1,30.45,-0.05,-0.16,0,0.00,-0.05,-0.16,0.3,0.00
43,多頭出場,2023-02-14 13:05,Close entry(s) order Long 0050,30.45,1,30.45,0,0.00,0,0.00,0,0.00,0.3,0.00
43,多頭進場,2023-02-14 13:00,Long 0050,30.45,1,30.45,0,0.00,0,0.00,0,0.00,0.3,0.00
44,多頭出場,2023-03-01 09:25,Close entry(s) order Long 0050,29.45,1,29.35,0.1,0.34,0.1,0.34,-0.05,-0.17,0.4,0.00
44,多頭進場,2023-03-01 09:15,Long 0050,29.35,1,29.35,0.1,0.34,0.1,0.34,-0.05,-0.17,0.4,0.00
45,多頭出場,2023-03-06 10:40,Close entry(s) order Long 0050,30.15,1,30.1,0.05,0.17,0.05,0.17,0,0.00,0.45,0.00
45,多頭進場,2023-03-06 10:35,Long 0050,30.1,1,30.1,0.05,0.17,0.05,0.17,0,0.00,0.45,0.00
46,多頭出場,2023-03-10 13:10,Close entry(s) order Long 0050,29.55,1,29.55,0,0.00,0.05,0.17,0,0.00,0.45,0.00
46,多頭進場,2023-03-10 13:00,Long 0050,29.55,1,29.55,0,0.00,0.05,0.17,0,0.00,0.45,0.00
47,多頭出場,2023-03-16 11:55,Close entry(s) order Long 0050,29.15,1,29.15,0,0.00,0.05,0.17,0,0.00,0.45,0.00
47,多頭進場,2023-03-16 11:50,Long 0050,29.15,1,29.15,0,0.00,0.05,0.17,0,0.00,0.45,0.00
48,多頭出場,2023-03-20 11:45,Close entry(s) order Long 0050,29.5,1,29.5,0,0.00,0.05,0.17,0,0.00,0.45,0.00
48,多頭進場,2023-03-20 11:35,Long 0050,29.5,1,29.5,0,0.00,0.05,0.17,0,0.00,0.45,0.00
49,多頭出場,2023-03-20 12:15,Close entry(s) order Long 0050,29.5,1,29.5,0,0.00,0,0.00,0,0.00,0.45,0.00
49,多頭進場,2023-03-20 12:10,Long 0050,29.5,1,29.5,0,0.00,0,0.00,0,0.00,0.45,0.00
50,多頭出場,2023-03-20 12:55,Close entry(s) order Long 0050,29.5,1,29.5,0,0.00,0,0.00,-0.05,-0.17,0.45,0.00
50,多頭進場,2023-03-20 12:45,Long 0050,29.5,1,29.5,0,0.00,0,0.00,-0.05,-0.17,0.45,0.00
51,多頭出場,2023-05-17 12:50,Close entry(s) order Long 0050,30.15,1,30.15,0,0.00,0.05,0.17,-0.05,-0.17,0.45,0.00
51,多頭進場,2023-05-17 12:40,Long 0050,30.15,1,30.15,0,0.00,0.05,0.17,-0.05,-0.17,0.45,0.00
52,多頭出場,2023-05-17 13:05,Close entry(s) order Long 0050,30.15,1,30.15,0,0.00,0.05,0.17,0,0.00,0.45,0.00
52,多頭進場,2023-05-17 12:55,Long 0050,30.15,1,30.15,0,0.00,0.05,0.17,0,0.00,0.45,0.00
53,多頭出場,2023-05-19 11:00,Close entry(s) order Long 0050,30.65,1,30.6,0.05,0.16,0.05,0.16,0,0.00,0.5,0.00
53,多頭進場,2023-05-19 10:50,Long 0050,30.6,1,30.6,0.05,0.16,0.05,0.16,0,0.00,0.5,0.00
54,多頭出場,2023-05-24 09:35,Close entry(s) order Long 0050,30.4,1,30.4,0,0.00,0,0.00,-0.05,-0.16,0.5,0.00
54,多頭進場,2023-05-24 09:30,Long 0050,30.4,1,30.4,0,0.00,0,0.00,-0.05,-0.16,0.5,0.00
55,多頭出場,2023-05-24 10:00,Close entry(s) order Long 0050,30.35,1,30.4,-0.05,-0.16,0,0.00,-0.05,-0.16,0.45,0.00
55,多頭進場,2023-05-24 09:55,Long 0050,30.4,1,30.4,-0.05,-0.16,0,0.00,-0.05,-0.16,0.45,0.00
56,多頭出場,2023-05-30 11:10,Close entry(s) order Long 0050,31.7,1,31.7,0,0.00,0,0.00,0,0.00,0.45,0.00
56,多頭進場,2023-05-30 11:05,Long 0050,31.7,1,31.7,0,0.00,0,0.00,0,0.00,0.45,0.00
57,多頭出場,2023-06-21 13:10,Close entry(s) order Long 0050,32.75,1,32.6,0.15,0.46,0.15,0.46,0,0.00,0.6,0.00
57,多頭進場,2023-06-21 13:00,Long 0050,32.6,1,32.6,0.15,0.46,0.15,0.46,0,0.00,0.6,0.00
58,多頭出場,2023-07-19 10:05,Close entry(s) order Long 0050,32.55,1,32.55,0,0.00,0.05,0.15,0,0.00,0.6,0.00
58,多頭進場,2023-07-19 09:55,Long 0050,32.55,1,32.55,0,0.00,0.05,0.15,0,0.00,0.6,0.00
59,多頭出場,2023-07-21 09:35,Close entry(s) order Long 0050,31.8,1,31.75,0.05,0.16,0.05,0.16,-0.05,-0.16,0.65,0.00
59,多頭進場,2023-07-21 09:25,Long 0050,31.75,1,31.75,0.05,0.16,0.05,0.16,-0.05,-0.16,0.65,0.00
60,多頭出場,2023-07-21 11:55,Close entry(s) order Long 0050,31.8,1,31.8,0,0.00,0,0.00,0,0.00,0.65,0.00
60,多頭進場,2023-07-21 11:45,Long 0050,31.8,1,31.8,0,0.00,0,0.00,0,0.00,0.65,0.00
61,多頭出場,2023-07-21 12:15,Close entry(s) order Long 0050,31.8,1,31.8,0,0.00,0,0.00,-0.05,-0.16,0.65,0.00
61,多頭進場,2023-07-21 12:05,Long 0050,31.8,1,31.8,0,0.00,0,0.00,-0.05,-0.16,0.65,0.00
62,多頭出場,2023-08-01 09:20,Close entry(s) order Long 0050,32.35,1,32.35,0,0.00,0,0.00,0,0.00,0.65,0.00
62,多頭進場,2023-08-01 09:15,Long 0050,32.35,1,32.35,0,0.00,0,0.00,0,0.00,0.65,0.00
63,多頭出場,2023-08-21 13:10,Close entry(s) order Long 0050,30.8,1,30.8,0,0.00,0.05,0.16,0,0.00,0.65,0.00
63,多頭進場,2023-08-21 13:00,Long 0050,30.8,1,30.8,0,0.00,0.05,0.16,0,0.00,0.65,0.00
64,多頭出場,2023-08-23 09:20,Close entry(s) order Long 0050,31.2,1,31.15,0.05,0.16,0.05,0.16,0,0.00,0.7,0.00
64,多頭進場,2023-08-23 09:15,Long 0050,31.15,1,31.15,0.05,0.16,0.05,0.16,0,0.00,0.7,0.00
65,多頭出場,2023-08-25 12:55,Close entry(s) order Long 0050,31.2,1,31.2,0,0.00,0,0.00,0,0.00,0.7,0.00
65,多頭進場,2023-08-25 12:45,Long 0050,31.2,1,31.2,0,0.00,0,0.00,0,0.00,0.7,0.00
66,多頭出場,2023-08-29 09:25,Close entry(s) order Long 0050,31.35,1,31.35,0,0.00,0,0.00,-0.05,-0.16,0.7,0.00
66,多頭進場,2023-08-29 09:15,Long 0050,31.35,1,31.35,0,0.00,0,0.00,-0.05,-0.16,0.7,0.00
67,多頭出場,2023-09-11 09:35,Close entry(s) order Long 0050,30.9,1,31.05,-0.15,-0.48,0,0.00,-0.15,-0.48,0.55,0.00
67,多頭進場,2023-09-11 09:25,Long 0050,31.05,1,31.05,-0.15,-0.48,0,0.00,-0.15,-0.48,0.55,0.00
68,多頭出場,2023-09-11 09:50,Close entry(s) order Long 0050,30.9,1,30.9,0,0.00,0.05,0.16,0,0.00,0.55,0.00
68,多頭進場,2023-09-11 09:40,Long 0050,30.9,1,30.9,0,0.00,0.05,0.16,0,0.00,0.55,0.00
69,多頭出場,2023-09-11 10:30,Close entry(s) order Long 0050,30.95,1,30.9,0.05,0.16,0.05,0.16,0,0.00,0.6,0.00
69,多頭進場,2023-09-11 10:20,Long 0050,30.9,1,30.9,0.05,0.16,0.05,0.16,0,0.00,0.6,0.00
70,多頭出場,2023-09-11 12:05,Close entry(s) order Long 0050,30.9,1,30.85,0.05,0.16,0.05,0.16,0,0.00,0.65,0.00
70,多頭進場,2023-09-11 11:55,Long 0050,30.85,1,30.85,0.05,0.16,0.05,0.16,0,0.00,0.65,0.00
71,多頭出場,2023-09-27 12:50,Close entry(s) order Long 0050,30.55,1,30.5,0.05,0.16,0.05,0.16,0,0.00,0.7,0.00
71,多頭進場,2023-09-27 12:40,Long 0050,30.5,1,30.5,0.05,0.16,0.05,0.16,0,0.00,0.7,0.00
72,多頭出場,2023-09-28 11:10,Close entry(s) order Long 0050,30.55,1,30.55,0,0.00,0,0.00,0,0.00,0.7,0.00
72,多頭進場,2023-09-28 11:00,Long 0050,30.55,1,30.55,0,0.00,0,0.00,0,0.00,0.7,0.00
73,多頭出場,2023-10-02 12:05,Close entry(s) order Long 0050,31.1,1,31.1,0,0.00,0,0.00,0,0.00,0.7,0.00
73,多頭進場,2023-10-02 12:00,Long 0050,31.1,1,31.1,0,0.00,0,0.00,0,0.00,0.7,0.00
74,多頭出場,2023-10-02 12:30,Close entry(s) order Long 0050,31.1,1,31.1,0,0.00,0,0.00,0,0.00,0.7,0.00
74,多頭進場,2023-10-02 12:25,Long 0050,31.1,1,31.1,0,0.00,0,0.00,0,0.00,0.7,0.00
75,多頭出場,2023-10-02 12:45,Close entry(s) order Long 0050,31.05,1,31.05,0,0.00,0,0.00,0,0.00,0.7,0.00
75,多頭進場,2023-10-02 12:40,Long 0050,31.05,1,31.05,0,0.00,0,0.00,0,0.00,0.7,0.00
76,多頭出場,2023-10-16 12:35,Close entry(s) order Long 0050,31.5,1,31.45,0.05,0.16,0.05,0.16,0,0.00,0.75,0.00
76,多頭進場,2023-10-16 12:25,Long 0050,31.45,1,31.45,0.05,0.16,0.05,0.16,0,0.00,0.75,0.00
77,多頭出場,2023-10-23 10:15,Close entry(s) order Long 0050,31,1,31.05,-0.05,-0.16,0,0.00,-0.05,-0.16,0.7,0.00
77,多頭進場,2023-10-23 10:05,Long 0050,31.05,1,31.05,-0.05,-0.16,0,0.00,-0.05,-0.16,0.7,0.00
78,多頭出場,2023-10-23 12:45,Close entry(s) order Long 0050,30.95,1,30.95,0,0.00,0,0.00,0,0.00,0.7,0.00
78,多頭進場,2023-10-23 12:35,Long 0050,30.95,1,30.95,0,0.00,0,0.00,0,0.00,0.7,0.00
79,多頭出場,2023-10-24 09:20,Close entry(s) order Long 0050,30.9,1,30.95,-0.05,-0.16,0,0.00,-0.05,-0.16,0.65,0.00
79,多頭進場,2023-10-24 09:10,Long 0050,30.95,1,30.95,-0.05,-0.16,0,0.00,-0.05,-0.16,0.65,0.00
80,多頭出場,2023-11-24 09:50,Close entry(s) order Long 0050,32.85,1,32.85,0,0.00,0,0.00,-0.05,-0.15,0.65,0.00
80,多頭進場,2023-11-24 09:40,Long 0050,32.85,1,32.85,0,0.00,0,0.00,-0.05,-0.15,0.65,0.00
81,多頭出場,2023-11-24 11:45,Close entry(s) order Long 0050,32.85,1,32.85,0,0.00,0,0.00,-0.05,-0.15,0.65,0.00
81,多頭進場,2023-11-24 11:35,Long 0050,32.85,1,32.85,0,0.00,0,0.00,-0.05,-0.15,0.65,0.00
82,多頭出場,2023-11-24 12:10,Close entry(s) order Long 0050,32.85,1,32.85,0,0.00,0,0.00,-0.05,-0.15,0.65,0.00
82,多頭進場,2023-11-24 12:00,Long 0050,32.85,1,32.85,0,0.00,0,0.00,-0.05,-0.15,0.65,0.00
83,多頭出場,2023-11-24 12:30,Close entry(s) order Long 0050,32.8,1,32.8,0,0.00,0,0.00,-0.05,-0.15,0.65,0.00
83,多頭進場,2023-11-24 12:20,Long 0050,32.8,1,32.8,0,0.00,0,0.00,-0.05,-0.15,0.65,0.00
84,多頭出場,2024-01-08 09:45,Close entry(s) order Long 0050,33.35,1,33.4,-0.05,-0.15,0,0.00,-0.05,-0.15,0.6,0.00
84,多頭進場,2024-01-08 09:35,Long 0050,33.4,1,33.4,-0.05,-0.15,0,0.00,-0.05,-0.15,0.6,0.00
85,多頭出場,2024-01-08 12:40,Close entry(s) order Long 0050,33.25,1,33.25,0,0.00,0,0.00,0,0.00,0.6,0.00
85,多頭進場,2024-01-08 12:30,Long 0050,33.25,1,33.25,0,0.00,0,0.00,0,0.00,0.6,0.00
86,多頭出場,2024-01-15 09:35,Close entry(s) order Long 0050,33.3,1,33.25,0.05,0.15,0.05,0.15,0,0.00,0.65,0.00
86,多頭進場,2024-01-15 09:25,Long 0050,33.25,1,33.25,0.05,0.15,0.05,0.15,0,0.00,0.65,0.00
87,多頭出場,2024-01-17 10:10,Close entry(s) order Long 0050,32,1,32,0,0.00,0,0.00,0,0.00,0.65,0.00
87,多頭進場,2024-01-17 10:00,Long 0050,32,1,32,0,0.00,0,0.00,0,0.00,0.65,0.00
88,多頭出場,2024-01-17 11:30,Close entry(s) order Long 0050,31.95,1,31.95,0,0.00,0.05,0.16,0,0.00,0.65,0.00
88,多頭進場,2024-01-17 11:20,Long 0050,31.95,1,31.95,0,0.00,0.05,0.16,0,0.00,0.65,0.00
89,多頭出場,2024-01-17 12:05,Close entry(s) order Long 0050,31.9,1,31.9,0,0.00,0.05,0.16,0,0.00,0.65,0.00
89,多頭進場,2024-01-17 11:55,Long 0050,31.9,1,31.9,0,0.00,0.05,0.16,0,0.00,0.65,0.00
90,多頭出場,2024-01-25 10:35,Close entry(s) order Long 0050,33.9,1,33.9,0,0.00,0,0.00,-0.05,-0.15,0.65,0.00
90,多頭進場,2024-01-25 10:25,Long 0050,33.9,1,33.9,0,0.00,0,0.00,-0.05,-0.15,0.65,0.00
91,多頭出場,2024-03-27 13:05,Close entry(s) order Long 0050,39.4,1,39.45,-0.05,-0.13,0,0.00,-0.05,-0.13,0.6,0.00
91,多頭進場,2024-03-27 12:55,Long 0050,39.45,1,39.45,-0.05,-0.13,0,0.00,-0.05,-0.13,0.6,0.00
92,多頭出場,2024-04-30 11:55,Close entry(s) order Long 0050,39.8,1,39.8,0,0.00,0,0.00,0,0.00,0.6,0.00
92,多頭進場,2024-04-30 11:45,Long 0050,39.8,1,39.8,0,0.00,0,0.00,0,0.00,0.6,0.00
93,多頭出場,2024-04-30 12:15,Close entry(s) order Long 0050,39.8,1,39.8,0,0.00,0,0.00,0,0.00,0.6,0.00
93,多頭進場,2024-04-30 12:05,Long 0050,39.8,1,39.8,0,0.00,0,0.00,0,0.00,0.6,0.00
94,多頭出場,2024-04-30 12:35,Close entry(s) order Long 0050,39.8,1,39.8,0,0.00,0,0.00,0,0.00,0.6,0.00
94,多頭進場,2024-04-30 12:25,Long 0050,39.8,1,39.8,0,0.00,0,0.00,0,0.00,0.6,0.00
95,多頭出場,2024-05-07 10:00,Close entry(s) order Long 0050,40,1,40.05,-0.05,-0.12,0,0.00,-0.05,-0.12,0.55,0.00
95,多頭進場,2024-05-07 09:50,Long 0050,40.05,1,40.05,-0.05,-0.12,0,0.00,-0.05,-0.12,0.55,0.00
96,多頭出場,2024-05-07 10:25,Close entry(s) order Long 0050,39.95,1,39.9,0.05,0.13,0.05,0.13,0,0.00,0.6,0.00
96,多頭進場,2024-05-07 10:20,Long 0050,39.9,1,39.9,0.05,0.13,0.05,0.13,0,0.00,0.6,0.00
97,多頭出場,2024-05-07 10:40,Close entry(s) order Long 0050,40.05,1,40.05,0,0.00,0,0.00,-0.05,-0.12,0.6,0.00
97,多頭進場,2024-05-07 10:35,Long 0050,40.05,1,40.05,0,0.00,0,0.00,-0.05,-0.12,0.6,0.00
98,多頭出場,2024-05-07 12:40,Close entry(s) order Long 0050,40.05,1,40,0.05,0.13,0.05,0.13,0,0.00,0.65,0.00
98,多頭進場,2024-05-07 12:30,Long 0050,40,1,40,0.05,0.13,0.05,0.13,0,0.00,0.65,0.00
99,多頭出場,2024-05-07 13:00,Close entry(s) order Long 0050,40.05,1,40.05,0,0.00,0,0.00,0,0.00,0.65,0.00
99,多頭進場,2024-05-07 12:50,Long 0050,40.05,1,40.05,0,0.00,0,0.00,0,0.00,0.65,0.00
100,多頭出場,2024-06-19 13:10,Close entry(s) order Long 0050,47.1,1,47,0.1,0.21,0.15,0.32,0,0.00,0.75,0.00
100,多頭進場,2024-06-19 13:00,Long 0050,47,1,47,0.1,0.21,0.15,0.32,0,0.00,0.75,0.00
101,多頭出場,2024-07-10 09:35,Close entry(s) order Long 0050,49.1,1,49.05,0.05,0.10,0.05,0.10,0,0.00,0.8,0.00
101,多頭進場,2024-07-10 09:25,Long 0050,49.05,1,49.05,0.05,0.10,0.05,0.10,0,0.00,0.8,0.00
102,多頭出場,2024-07-10 10:30,Close entry(s) order Long 0050,49.25,1,49.25,0,0.00,0.1,0.20,0,0.00,0.8,0.00
102,多頭進場,2024-07-10 10:20,Long 0050,49.25,1,49.25,0,0.00,0.1,0.20,0,0.00,0.8,0.00
103,多頭出場,2024-07-10 13:10,Close entry(s) order Long 0050,49.55,1,49.55,0,0.00,0.05,0.10,0,0.00,0.8,0.00
103,多頭進場,2024-07-10 13:00,Long 0050,49.55,1,49.55,0,0.00,0.05,0.10,0,0.00,0.8,0.00
104,多頭出場,2024-07-17 10:15,Close entry(s) order Long 0050,49,1,49,0,0.00,0,0.00,0,0.00,0.8,0.00
104,多頭進場,2024-07-17 10:10,Long 0050,49,1,49,0,0.00,0,0.00,0,0.00,0.8,0.00
105,多頭出場,2024-07-17 12:10,Close entry(s) order Long 0050,48.65,1,48.65,0,0.00,0.05,0.10,0,0.00,0.8,0.00
105,多頭進場,2024-07-17 12:05,Long 0050,48.65,1,48.65,0,0.00,0.05,0.10,0,0.00,0.8,0.00
106,多頭出場,2024-07-26 12:15,Close entry(s) order Long 0050,44.7,1,44.65,0.05,0.11,0.05,0.11,0,0.00,0.85,0.00
106,多頭進場,2024-07-26 12:05,Long 0050,44.65,1,44.65,0.05,0.11,0.05,0.11,0,0.00,0.85,0.00
107,多頭出場,2024-08-05 09:20,Close entry(s) order Long 0050,40.9,1,40.7,0.2,0.49,0.35,0.86,-0.05,-0.12,1.05,0.00
107,多頭進場,2024-08-05 09:10,Long 0050,40.7,1,40.7,0.2,0.49,0.35,0.86,-0.05,-0.12,1.05,0.00
108,多頭出場,2024-08-05 09:35,Close entry(s) order Long 0050,40.85,1,40.75,0.1,0.25,0.1,0.25,-0.2,-0.49,1.15,0.00
108,多頭進場,2024-08-05 09:25,Long 0050,40.75,1,40.75,0.1,0.25,0.1,0.25,-0.2,-0.49,1.15,0.00
109,多頭出場,2024-08-05 13:00,Close entry(s) order Long 0050,39.65,1,39.75,-0.1,-0.25,0.05,0.13,-0.1,-0.25,1.05,0.00
109,多頭進場,2024-08-05 12:50,Long 0050,39.75,1,39.75,-0.1,-0.25,0.05,0.13,-0.1,-0.25,1.05,0.00
110,多頭出場,2024-08-06 12:05,Close entry(s) order Long 0050,42.15,1,42.25,-0.1,-0.24,0.15,0.36,-0.15,-0.36,0.95,0.00
110,多頭進場,2024-08-06 11:55,Long 0050,42.25,1,42.25,-0.1,-0.24,0.15,0.36,-0.15,-0.36,0.95,0.00
111,多頭出場,2024-08-21 12:50,Close entry(s) order Long 0050,45.4,1,45.45,-0.05,-0.11,0.05,0.11,-0.05,-0.11,0.9,0.00
111,多頭進場,2024-08-21 12:40,Long 0050,45.45,1,45.45,-0.05,-0.11,0.05,0.11,-0.05,-0.11,0.9,0.00
112,多頭出場,2024-09-02 11:50,Close entry(s) order Long 0050,45.25,1,45.15,0.1,0.22,0.1,0.22,0,0.00,1,0.00
112,多頭進場,2024-09-02 11:40,Long 0050,45.15,1,45.15,0.1,0.22,0.1,0.22,0,0.00,1,0.00
113,多頭出場,2024-09-18 12:55,Close entry(s) order Long 0050,44.2,1,44.25,-0.05,-0.11,0.05,0.11,-0.05,-0.11,0.95,0.00
113,多頭進場,2024-09-18 12:45,Long 0050,44.25,1,44.25,-0.05,-0.11,0.05,0.11,-0.05,-0.11,0.95,0.00
114,多頭出場,2024-09-30 09:55,Close entry(s) order Long 0050,46.45,1,46.55,-0.1,-0.21,0,0.00,-0.15,-0.32,0.85,0.00
114,多頭進場,2024-09-30 09:45,Long 0050,46.55,1,46.55,-0.1,-0.21,0,0.00,-0.15,-0.32,0.85,0.00
115,多頭出場,2024-09-30 10:15,Close entry(s) order Long 0050,46.25,1,46.35,-0.1,-0.22,0.05,0.11,-0.1,-0.22,0.75,0.00
115,多頭進場,2024-09-30 10:05,Long 0050,46.35,1,46.35,-0.1,-0.22,0.05,0.11,-0.1,-0.22,0.75,0.00
116,多頭出場,2024-09-30 12:50,Close entry(s) order Long 0050,46.1,1,46.15,-0.05,-0.11,0,0.00,-0.05,-0.11,0.7,0.00
116,多頭進場,2024-09-30 12:40,Long 0050,46.15,1,46.15,-0.05,-0.11,0,0.00,-0.05,-0.11,0.7,0.00
117,多頭出場,2024-10-01 10:40,Close entry(s) order Long 0050,45.95,1,45.85,0.1,0.22,0.1,0.22,0,0.00,0.8,0.00
117,多頭進場,2024-10-01 10:30,Long 0050,45.85,1,45.85,0.1,0.22,0.1,0.22,0,0.00,0.8,0.00
118,多頭出場,2024-10-08 12:30,Close entry(s) order Long 0050,46.7,1,46.7,0,0.00,0,0.00,-0.05,-0.11,0.8,0.00
118,多頭進場,2024-10-08 12:20,Long 0050,46.7,1,46.7,0,0.00,0,0.00,-0.05,-0.11,0.8,0.00
119,多頭出場,2024-10-08 13:10,Close entry(s) order Long 0050,46.8,1,46.75,0.05,0.11,0.05,0.11,0,0.00,0.85,0.00
119,多頭進場,2024-10-08 13:00,Long 0050,46.75,1,46.75,0.05,0.11,0.05,0.11,0,0.00,0.85,0.00
120,多頭出場,2024-10-14 09:20,Close entry(s) order Long 0050,48,1,48,0,0.00,0,0.00,-0.05,-0.10,0.85,0.00
120,多頭進場,2024-10-14 09:15,Long 0050,48,1,48,0,0.00,0,0.00,-0.05,-0.10,0.85,0.00
121,多頭出場,2024-10-14 10:20,Close entry(s) order Long 0050,48.2,1,48.05,0.15,0.31,0.2,0.42,0,0.00,1,0.00
121,多頭進場,2024-10-14 10:10,Long 0050,48.05,1,48.05,0.15,0.31,0.2,0.42,0,0.00,1,0.00
122,多頭出場,2024-10-15 09:15,Close entry(s) order Long 0050,48.55,1,48.5,0.05,0.10,0.05,0.10,0,0.00,1.05,0.00
122,多頭進場,2024-10-15 09:10,Long 0050,48.5,1,48.5,0.05,0.10,0.05,0.10,0,0.00,1.05,0.00
123,多頭出場,2024-10-16 11:30,Close entry(s) order Long 0050,48.7,1,48.65,0.05,0.10,0.05,0.10,-0.05,-0.10,1.1,0.00
123,多頭進場,2024-10-16 11:20,Long 0050,48.65,1,48.65,0.05,0.10,0.05,0.10,-0.05,-0.10,1.1,0.00
124,多頭出場,2024-10-16 12:45,Close entry(s) order Long 0050,48.3,1,48.45,-0.15,-0.31,0,0.00,-0.15,-0.31,0.95,0.00
124,多頭進場,2024-10-16 12:40,Long 0050,48.45,1,48.45,-0.15,-0.31,0,0.00,-0.15,-0.31,0.95,0.00
125,多頭出場,2024-10-16 12:55,Close entry(s) order Long 0050,48.3,1,48.3,0,0.00,0,0.00,0,0.00,0.95,0.00
125,多頭進場,2024-10-16 12:50,Long 0050,48.3,1,48.3,0,0.00,0,0.00,0,0.00,0.95,0.00
126,多頭出場,2024-10-17 10:55,Close entry(s) order Long 0050,48.05,1,48,0.05,0.10,0.05,0.10,0,0.00,1,0.00
126,多頭進場,2024-10-17 10:45,Long 0050,48,1,48,0.05,0.10,0.05,0.10,0,0.00,1,0.00
127,多頭出場,2024-10-17 11:10,Close entry(s) order Long 0050,48.2,1,48.1,0.1,0.21,0.1,0.21,0,0.00,1.1,0.00
127,多頭進場,2024-10-17 11:00,Long 0050,48.1,1,48.1,0.1,0.21,0.1,0.21,0,0.00,1.1,0.00
128,多頭出場,2024-10-18 09:20,Close entry(s) order Long 0050,49.8,1,49.85,-0.05,-0.10,0,0.00,-0.1,-0.20,1.05,0.00
128,多頭進場,2024-10-18 09:15,Long 0050,49.85,1,49.85,-0.05,-0.10,0,0.00,-0.1,-0.20,1.05,0.00
129,多頭出場,2024-10-18 10:10,Close entry(s) order Long 0050,49.95,1,49.9,0.05,0.10,0.1,0.20,0,0.00,1.1,0.00
129,多頭進場,2024-10-18 10:05,Long 0050,49.9,1,49.9,0.05,0.10,0.1,0.20,0,0.00,1.1,0.00
130,多頭出場,2024-10-18 13:10,Close entry(s) order Long 0050,49.5,1,49.4,0.1,0.20,0.15,0.30,0,0.00,1.2,0.00
130,多頭進場,2024-10-18 13:00,Long 0050,49.4,1,49.4,0.1,0.20,0.15,0.30,0,0.00,1.2,0.00
131,多頭出場,2024-10-21 11:45,Close entry(s) order Long 0050,49.85,1,49.85,0,0.00,0,0.00,-0.05,-0.10,1.2,0.00
131,多頭進場,2024-10-21 11:40,Long 0050,49.85,1,49.85,0,0.00,0,0.00,-0.05,-0.10,1.2,0.00
132,多頭出場,2024-10-21 12:45,Close entry(s) order Long 0050,49.65,1,49.7,-0.05,-0.10,0,0.00,-0.1,-0.20,1.15,0.00
132,多頭進場,2024-10-21 12:35,Long 0050,49.7,1,49.7,-0.05,-0.10,0,0.00,-0.1,-0.20,1.15,0.00
133,多頭出場,2024-10-21 13:05,Close entry(s) order Long 0050,49.6,1,49.6,0,0.00,0.05,0.10,0,0.00,1.15,0.00
133,多頭進場,2024-10-21 12:55,Long 0050,49.6,1,49.6,0,0.00,0.05,0.10,0,0.00,1.15,0.00
134,多頭出場,2024-10-22 09:25,Close entry(s) order Long 0050,49.15,1,48.95,0.2,0.41,0.2,0.41,-0.05,-0.10,1.35,0.00
134,多頭進場,2024-10-22 09:15,Long 0050,48.95,1,48.95,0.2,0.41,0.2,0.41,-0.05,-0.10,1.35,0.00
135,多頭出場,2024-10-23 09:20,Close entry(s) order Long 0050,48.95,1,49.05,-0.1,-0.20,0.05,0.10,-0.15,-0.31,1.25,0.00
135,多頭進場,2024-10-23 09:10,Long 0050,49.05,1,49.05,-0.1,-0.20,0.05,0.10,-0.15,-0.31,1.25,0.00
136,多頭出場,2024-10-23 10:05,Close entry(s) order Long 0050,49.05,1,49.05,0,0.00,0.05,0.10,-0.05,-0.10,1.25,0.00
136,多頭進場,2024-10-23 09:55,Long 0050,49.05,1,49.05,0,0.00,0.05,0.10,-0.05,-0.10,1.25,0.00
137,多頭出場,2024-10-23 11:45,Close entry(s) order Long 0050,48.95,1,48.95,0,0.00,0,0.00,-0.05,-0.10,1.25,0.00
137,多頭進場,2024-10-23 11:35,Long 0050,48.95,1,48.95,0,0.00,0,0.00,-0.05,-0.10,1.25,0.00
138,多頭出場,2024-10-23 13:00,Close entry(s) order Long 0050,48.95,1,48.95,0,0.00,0,0.00,0,0.00,1.25,0.00
138,多頭進場,2024-10-23 12:50,Long 0050,48.95,1,48.95,0,0.00,0,0.00,0,0.00,1.25,0.00
139,多頭出場,2024-10-24 09:40,Close entry(s) order Long 0050,49.15,1,49.15,0,0.00,0.05,0.10,0,0.00,1.25,0.00
139,多頭進場,2024-10-24 09:30,Long 0050,49.15,1,49.15,0,0.00,0.05,0.10,0,0.00,1.25,0.00
140,多頭出場,2024-10-24 10:30,Close entry(s) order Long 0050,49.05,1,49.05,0,0.00,0.05,0.10,0,0.00,1.25,0.00
140,多頭進場,2024-10-24 10:20,Long 0050,49.05,1,49.05,0,0.00,0.05,0.10,0,0.00,1.25,0.00
141,多頭出場,2024-10-24 12:50,Close entry(s) order Long 0050,48.7,1,48.75,-0.05,-0.10,0.05,0.10,-0.05,-0.10,1.2,0.00
141,多頭進場,2024-10-24 12:45,Long 0050,48.75,1,48.75,-0.05,-0.10,0.05,0.10,-0.05,-0.10,1.2,0.00
142,多頭出場,2024-10-25 12:00,Close entry(s) order Long 0050,48.9,1,48.9,0,0.00,0,0.00,-0.05,-0.10,1.2,0.00
142,多頭進場,2024-10-25 11:55,Long 0050,48.9,1,48.9,0,0.00,0,0.00,-0.05,-0.10,1.2,0.00
143,多頭出場,2024-10-29 09:50,Close entry(s) order Long 0050,47.95,1,48.05,-0.1,-0.21,0,0.00,-0.1,-0.21,1.1,0.00
143,多頭進場,2024-10-29 09:40,Long 0050,48.05,1,48.05,-0.1,-0.21,0,0.00,-0.1,-0.21,1.1,0.00
144,多頭出場,2024-10-29 10:15,Close entry(s) order Long 0050,47.65,1,47.6,0.05,0.11,0.05,0.11,-0.05,-0.11,1.15,0.00
144,多頭進場,2024-10-29 10:05,Long 0050,47.6,1,47.6,0.05,0.11,0.05,0.11,-0.05,-0.11,1.15,0.00
145,多頭出場,2024-10-29 12:45,Close entry(s) order Long 0050,47.65,1,47.7,-0.05,-0.10,0,0.00,-0.05,-0.10,1.1,0.00
145,多頭進場,2024-10-29 12:35,Long 0050,47.7,1,47.7,-0.05,-0.10,0,0.00,-0.05,-0.10,1.1,0.00
146,多頭出場,2024-10-29 13:00,Close entry(s) order Long 0050,47.7,1,47.65,0.05,0.10,0.05,0.10,0,0.00,1.15,0.00
146,多頭進場,2024-10-29 12:50,Long 0050,47.65,1,47.65,0.05,0.10,0.05,0.10,0,0.00,1.15,0.00
147,多頭出場,2024-10-30 12:45,Close entry(s) order Long 0050,47.95,1,47.95,0,0.00,0,0.00,-0.05,-0.10,1.15,0.00
147,多頭進場,2024-10-30 12:40,Long 0050,47.95,1,47.95,0,0.00,0,0.00,-0.05,-0.10,1.15,0.00
148,多頭出場,2024-11-01 09:20,Close entry(s) order Long 0050,46.9,1,46.95,-0.05,-0.11,0.05,0.11,-0.1,-0.21,1.1,0.00
148,多頭進場,2024-11-01 09:10,Long 0050,46.95,1,46.95,-0.05,-0.11,0.05,0.11,-0.1,-0.21,1.1,0.00
149,多頭出場,2024-11-01 10:40,Close entry(s) order Long 0050,47.15,1,47.3,-0.15,-0.32,0,0.00,-0.2,-0.42,0.95,0.00
149,多頭進場,2024-11-01 10:30,Long 0050,47.3,1,47.3,-0.15,-0.32,0,0.00,-0.2,-0.42,0.95,0.00
150,多頭出場,2024-11-01 12:30,Close entry(s) order Long 0050,47.4,1,47.4,0,0.00,0,0.00,-0.05,-0.11,0.95,0.00
150,多頭進場,2024-11-01 12:20,Long 0050,47.4,1,47.4,0,0.00,0,0.00,-0.05,-0.11,0.95,0.00
151,多頭出場,2024-11-01 13:00,Close entry(s) order Long 0050,47.5,1,47.35,0.15,0.32,0.15,0.32,0,0.00,1.1,0.00
151,多頭進場,2024-11-01 12:50,Long 0050,47.35,1,47.35,0.15,0.32,0.15,0.32,0,0.00,1.1,0.00
152,多頭出場,2024-11-08 12:10,Close entry(s) order Long 0050,49.7,1,49.7,0,0.00,0.05,0.10,0,0.00,1.1,0.00
152,多頭進場,2024-11-08 12:05,Long 0050,49.7,1,49.7,0,0.00,0.05,0.10,0,0.00,1.1,0.00
153,多頭出場,2024-11-12 09:40,Close entry(s) order Long 0050,48.85,1,48.7,0.15,0.31,0.15,0.31,0,0.00,1.25,0.00
153,多頭進場,2024-11-12 09:30,Long 0050,48.7,1,48.7,0.15,0.31,0.15,0.31,0,0.00,1.25,0.00
154,多頭出場,2024-11-14 09:20,Close entry(s) order Long 0050,47.9,1,48,-0.1,-0.21,0.05,0.10,-0.1,-0.21,1.15,0.00
154,多頭進場,2024-11-14 09:10,Long 0050,48,1,48,-0.1,-0.21,0.05,0.10,-0.1,-0.21,1.15,0.00
155,多頭出場,2024-11-14 09:55,Close entry(s) order Long 0050,47.95,1,47.85,0.1,0.21,0.2,0.42,0,0.00,1.25,0.00
155,多頭進場,2024-11-14 09:45,Long 0050,47.85,1,47.85,0.1,0.21,0.2,0.42,0,0.00,1.25,0.00
156,多頭出場,2024-11-14 11:00,Close entry(s) order Long 0050,47.6,1,47.55,0.05,0.11,0.1,0.21,0,0.00,1.3,0.00
156,多頭進場,2024-11-14 10:50,Long 0050,47.55,1,47.55,0.05,0.11,0.1,0.21,0,0.00,1.3,0.00
157,多頭出場,2024-11-14 12:25,Close entry(s) order Long 0050,47.9,1,47.95,-0.05,-0.10,0,0.00,-0.05,-0.10,1.25,0.00
157,多頭進場,2024-11-14 12:20,Long 0050,47.95,1,47.95,-0.05,-0.10,0,0.00,-0.05,-0.10,1.25,0.00
158,多頭出場,2024-11-20 09:20,Close entry(s) order Long 0050,48.15,1,48.15,0,0.00,0,0.00,-0.05,-0.10,1.25,0.00
158,多頭進場,2024-11-20 09:15,Long 0050,48.15,1,48.15,0,0.00,0,0.00,-0.05,-0.10,1.25,0.00
159,多頭出場,2024-11-22 11:45,Close entry(s) order Long 0050,48.15,1,48.1,0.05,0.10,0.05,0.10,0,0.00,1.3,0.00
159,多頭進場,2024-11-22 11:35,Long 0050,48.1,1,48.1,0.05,0.10,0.05,0.10,0,0.00,1.3,0.00
160,多頭出場,2024-11-25 12:45,Close entry(s) order Long 0050,48.25,1,48.25,0,0.00,0.05,0.10,0,0.00,1.3,0.00
160,多頭進場,2024-11-25 12:40,Long 0050,48.25,1,48.25,0,0.00,0.05,0.10,0,0.00,1.3,0.00
161,多頭出場,2024-12-02 12:40,Close entry(s) order Long 0050,47.85,1,47.8,0.05,0.10,0.05,0.10,0,0.00,1.35,0.00
161,多頭進場,2024-12-02 12:30,Long 0050,47.8,1,47.8,0.05,0.10,0.05,0.10,0,0.00,1.35,0.00
162,多頭出場,2024-12-03 09:25,Close entry(s) order Long 0050,48.7,1,48.65,0.05,0.10,0.05,0.10,0,0.00,1.4,0.00
162,多頭進場,2024-12-03 09:20,Long 0050,48.65,1,48.65,0.05,0.10,0.05,0.10,0,0.00,1.4,0.00
163,多頭出場,2024-12-06 12:10,Close entry(s) order Long 0050,48.95,1,48.9,0.05,0.10,0.05,0.10,0,0.00,1.45,0.00
163,多頭進場,2024-12-06 12:00,Long 0050,48.9,1,48.9,0.05,0.10,0.05,0.10,0,0.00,1.45,0.00
164,多頭出場,2024-12-06 12:30,Close entry(s) order Long 0050,48.8,1,48.8,0,0.00,0,0.00,-0.05,-0.10,1.45,0.00
164,多頭進場,2024-12-06 12:25,Long 0050,48.8,1,48.8,0,0.00,0,0.00,-0.05,-0.10,1.45,0.00
165,多頭出場,2024-12-06 13:00,Close entry(s) order Long 0050,48.9,1,48.9,0,0.00,0,0.00,-0.05,-0.10,1.45,0.00
165,多頭進場,2024-12-06 12:50,Long 0050,48.9,1,48.9,0,0.00,0,0.00,-0.05,-0.10,1.45,0.00
166,多頭出場,2024-12-11 12:40,Close entry(s) order Long 0050,48.2,1,48.2,0,0.00,0,0.00,0,0.00,1.45,0.00
166,多頭進場,2024-12-11 12:35,Long 0050,48.2,1,48.2,0,0.00,0,0.00,0,0.00,1.45,0.00
167,多頭出場,2024-12-23 09:45,Close entry(s) order Long 0050,49,1,48.95,0.05,0.10,0.05,0.10,0,0.00,1.5,0.00
167,多頭進場,2024-12-23 09:35,Long 0050,48.95,1,48.95,0.05,0.10,0.05,0.10,0,0.00,1.5,0.00
168,多頭出場,2024-12-23 10:05,Close entry(s) order Long 0050,49.15,1,49.15,0,0.00,0.05,0.10,-0.05,-0.10,1.5,0.00
168,多頭進場,2024-12-23 10:00,Long 0050,49.15,1,49.15,0,0.00,0.05,0.10,-0.05,-0.10,1.5,0.00
169,多頭出場,2024-12-26 12:15,Close entry(s) order Long 0050,49.6,1,49.6,0,0.00,0.05,0.10,0,0.00,1.5,0.00
169,多頭進場,2024-12-26 12:05,Long 0050,49.6,1,49.6,0,0.00,0.05,0.10,0,0.00,1.5,0.00
170,多頭出場,2024-12-27 10:20,Close entry(s) order Long 0050,49.6,1,49.6,0,0.00,0,0.00,0,0.00,1.5,0.00
170,多頭進場,2024-12-27 10:15,Long 0050,49.6,1,49.6,0,0.00,0,0.00,0,0.00,1.5,0.00
171,多頭出場,2024-12-27 10:35,Close entry(s) order Long 0050,49.6,1,49.55,0.05,0.10,0.1,0.20,0,0.00,1.55,0.00
171,多頭進場,2024-12-27 10:25,Long 0050,49.55,1,49.55,0.05,0.10,0.1,0.20,0,0.00,1.55,0.00
172,多頭出場,2024-12-30 10:35,Close entry(s) order Long 0050,49.6,1,49.6,0,0.00,0,0.00,0,0.00,1.55,0.00
172,多頭進場,2024-12-30 10:30,Long 0050,49.6,1,49.6,0,0.00,0,0.00,0,0.00,1.55,0.00
173,多頭出場,2024-12-30 11:00,Close entry(s) order Long 0050,49.6,1,49.6,0,0.00,0,0.00,-0.05,-0.10,1.55,0.00
173,多頭進場,2024-12-30 10:50,Long 0050,49.6,1,49.6,0,0.00,0,0.00,-0.05,-0.10,1.55,0.00
174,多頭出場,2024-12-30 12:30,Close entry(s) order Long 0050,49.55,1,49.55,0,0.00,0,0.00,0,0.00,1.55,0.00
174,多頭進場,2024-12-30 12:20,Long 0050,49.55,1,49.55,0,0.00,0,0.00,0,0.00,1.55,0.00
175,多頭出場,2025-01-02 09:20,Close entry(s) order Long 0050,48.85,1,48.9,-0.05,-0.10,0,0.00,-0.05,-0.10,1.5,0.00
175,多頭進場,2025-01-02 09:10,Long 0050,48.9,1,48.9,-0.05,-0.10,0,0.00,-0.05,-0.10,1.5,0.00
176,多頭出場,2025-01-15 09:20,Close entry(s) order Long 0050,48.6,1,48.75,-0.15,-0.31,0.05,0.10,-0.2,-0.41,1.35,0.00
176,多頭進場,2025-01-15 09:10,Long 0050,48.75,1,48.75,-0.15,-0.31,0.05,0.10,-0.2,-0.41,1.35,0.00
177,多頭出場,2025-01-15 09:50,Close entry(s) order Long 0050,48.65,1,48.6,0.05,0.10,0.05,0.10,0,0.00,1.4,0.00
177,多頭進場,2025-01-15 09:40,Long 0050,48.6,1,48.6,0.05,0.10,0.05,0.10,0,0.00,1.4,0.00
178,多頭出場,2025-01-22 09:45,Close entry(s) order Long 0050,50.25,1,50.2,0.05,0.10,0.05,0.10,0,0.00,1.45,0.00
178,多頭進場,2025-01-22 09:35,Long 0050,50.2,1,50.2,0.05,0.10,0.05,0.10,0,0.00,1.45,0.00
179,多頭出場,2025-01-22 12:35,Close entry(s) order Long 0050,50.25,1,50.2,0.05,0.10,0.05,0.10,0,0.00,1.5,0.00
179,多頭進場,2025-01-22 12:30,Long 0050,50.2,1,50.2,0.05,0.10,0.05,0.10,0,0.00,1.5,0.00
180,多頭出場,2025-02-03 09:15,Close entry(s) order Long 0050,48.2,1,47.8,0.4,0.84,0.45,0.94,-0.05,-0.10,1.9,0.00
180,多頭進場,2025-02-03 09:10,Long 0050,47.8,1,47.8,0.4,0.84,0.45,0.94,-0.05,-0.10,1.9,0.00
181,多頭出場,2025-02-03 09:35,Close entry(s) order Long 0050,48.1,1,48.2,-0.1,-0.21,0,0.00,-0.15,-0.31,1.8,0.00
181,多頭進場,2025-02-03 09:25,Long 0050,48.2,1,48.2,-0.1,-0.21,0,0.00,-0.15,-0.31,1.8,0.00
182,多頭出場,2025-02-03 12:30,Close entry(s) order Long 0050,48.05,1,48.05,0,0.00,0,0.00,0,0.00,1.8,0.00
182,多頭進場,2025-02-03 12:20,Long 0050,48.05,1,48.05,0,0.00,0,0.00,0,0.00,1.8,0.00
183,多頭出場,2025-02-03 12:55,Close entry(s) order Long 0050,47.95,1,47.95,0,0.00,0.05,0.10,0,0.00,1.8,0.00
183,多頭進場,2025-02-03 12:45,Long 0050,47.95,1,47.95,0,0.00,0.05,0.10,0,0.00,1.8,0.00
184,多頭出場,2025-02-03 13:05,Close entry(s) order Long 0050,47.9,1,47.95,-0.05,-0.10,0,0.00,-0.05,-0.10,1.75,0.00
184,多頭進場,2025-02-03 13:00,Long 0050,47.95,1,47.95,-0.05,-0.10,0,0.00,-0.05,-0.10,1.75,0.00
185,多頭出場,2025-02-12 09:40,Close entry(s) order Long 0050,49.55,1,49.55,0,0.00,0,0.00,0,0.00,1.75,0.00
185,多頭進場,2025-02-12 09:30,Long 0050,49.55,1,49.55,0,0.00,0,0.00,0,0.00,1.75,0.00
186,多頭出場,2025-02-12 11:05,Close entry(s) order Long 0050,49.4,1,49.35,0.05,0.10,0.05,0.10,0,0.00,1.8,0.00
186,多頭進場,2025-02-12 10:55,Long 0050,49.35,1,49.35,0.05,0.10,0.05,0.10,0,0.00,1.8,0.00
187,多頭出場,2025-02-14 12:50,Close entry(s) order Long 0050,48.45,1,48.4,0.05,0.10,0.05,0.10,0,0.00,1.85,0.00
187,多頭進場,2025-02-14 12:45,Long 0050,48.4,1,48.4,0.05,0.10,0.05,0.10,0,0.00,1.85,0.00
188,多頭出場,2025-02-20 12:15,Close entry(s) order Long 0050,49.05,1,49.1,-0.05,-0.10,0.05,0.10,-0.1,-0.20,1.8,0.00
188,多頭進場,2025-02-20 12:05,Long 0050,49.1,1,49.1,-0.05,-0.10,0.05,0.10,-0.1,-0.20,1.8,0.00
189,多頭出場,2025-02-20 12:40,Close entry(s) order Long 0050,49.15,1,49.1,0.05,0.10,0.05,0.10,0,0.00,1.85,0.00
189,多頭進場,2025-02-20 12:30,Long 0050,49.1,1,49.1,0.05,0.10,0.05,0.10,0,0.00,1.85,0.00
190,多頭出場,2025-02-21 10:30,Close entry(s) order Long 0050,49.35,1,49.35,0,0.00,0,0.00,0,0.00,1.85,0.00
190,多頭進場,2025-02-21 10:20,Long 0050,49.35,1,49.35,0,0.00,0,0.00,0,0.00,1.85,0.00
191,多頭出場,2025-02-25 09:30,Close entry(s) order Long 0050,48.2,1,48.2,0,0.00,0,0.00,-0.05,-0.10,1.85,0.00
191,多頭進場,2025-02-25 09:20,Long 0050,48.2,1,48.2,0,0.00,0,0.00,-0.05,-0.10,1.85,0.00
192,多頭出場,2025-03-04 09:25,Close entry(s) order Long 0050,46.4,1,46.35,0.05,0.11,0.05,0.11,-0.05,-0.11,1.9,0.00
192,多頭進場,2025-03-04 09:15,Long 0050,46.35,1,46.35,0.05,0.11,0.05,0.11,-0.05,-0.11,1.9,0.00
193,多頭出場,2025-03-21 09:20,Close entry(s) order Long 0050,45.95,1,45.9,0.05,0.11,0.1,0.22,0,0.00,1.95,0.00
193,多頭進場,2025-03-21 09:10,Long 0050,45.9,1,45.9,0.05,0.11,0.1,0.22,0,0.00,1.95,0.00
194,多頭出場,2025-04-08 09:25,Close entry(s) order Long 0050,39,1,38.35,0.65,1.69,0.65,1.69,-0.05,-0.13,2.6,0.00
194,多頭進場,2025-04-08 09:15,Long 0050,38.35,1,38.35,0.65,1.69,0.65,1.69,-0.05,-0.13,2.6,0.00
195,多頭出場,2025-04-08 09:35,Close entry(s) order Long 0050,38.85,1,39.1,-0.25,-0.64,0.05,0.13,-0.3,-0.77,2.35,0.00
195,多頭進場,2025-04-08 09:30,Long 0050,39.1,1,39.1,-0.25,-0.64,0.05,0.13,-0.3,-0.77,2.35,0.00
196,多頭出場,2025-04-08 09:45,Close entry(s) order Long 0050,38.75,1,39.05,-0.3,-0.77,0.1,0.26,-0.35,-0.90,2.05,0.00
196,多頭進場,2025-04-08 09:40,Long 0050,39.05,1,39.05,-0.3,-0.77,0.1,0.26,-0.35,-0.90,2.05,0.00
197,多頭出場,2025-04-08 11:35,Close entry(s) order Long 0050,38,1,37.9,0.1,0.26,0.15,0.40,-0.05,-0.13,2.15,0.00
197,多頭進場,2025-04-08 11:30,Long 0050,37.9,1,37.9,0.1,0.26,0.15,0.40,-0.05,-0.13,2.15,0.00
198,多頭出場,2025-04-09 09:20,Close entry(s) order Long 0050,38.15,1,38.15,0,0.00,0.4,1.05,0,0.00,2.15,0.00
198,多頭進場,2025-04-09 09:10,Long 0050,38.15,1,38.15,0,0.00,0.4,1.05,0,0.00,2.15,0.00
199,多頭出場,2025-04-09 11:40,Close entry(s) order Long 0050,37.1,1,37.1,0,0.00,0.2,0.54,-0.05,-0.13,2.15,0.00
199,多頭進場,2025-04-09 11:30,Long 0050,37.1,1,37.1,0,0.00,0.2,0.54,-0.05,-0.13,2.15,0.00
200,多頭出場,2025-04-11 09:40,Close entry(s) order Long 0050,40,1,39.85,0.15,0.38,0.15,0.38,-0.25,-0.63,2.3,0.00
200,多頭進場,2025-04-11 09:30,Long 0050,39.85,1,39.85,0.15,0.38,0.15,0.38,-0.25,-0.63,2.3,0.00
201,多頭出場,2025-04-11 10:00,Close entry(s) order Long 0050,40.15,1,39.9,0.25,0.63,0.3,0.75,0,0.00,2.55,0.00
201,多頭進場,2025-04-11 09:50,Long 0050,39.9,1,39.9,0.25,0.63,0.3,0.75,0,0.00,2.55,0.00
202,多頭出場,2025-04-11 12:15,Close entry(s) order Long 0050,40.65,1,40.6,0.05,0.12,0.1,0.25,-0.05,-0.12,2.6,0.00
202,多頭進場,2025-04-11 12:05,Long 0050,40.6,1,40.6,0.05,0.12,0.1,0.25,-0.05,-0.12,2.6,0.00
203,多頭出場,2025-04-14 09:35,Close entry(s) order Long 0050,41.5,1,41.4,0.1,0.24,0.2,0.48,-0.1,-0.24,2.7,0.00
203,多頭進場,2025-04-14 09:25,Long 0050,41.4,1,41.4,0.1,0.24,0.2,0.48,-0.1,-0.24,2.7,0.00
204,多頭出場,2025-04-16 13:00,Close entry(s) order Long 0050,40.45,1,40.5,-0.05,-0.12,0,0.00,-0.1,-0.25,2.65,0.00
204,多頭進場,2025-04-16 12:50,Long 0050,40.5,1,40.5,-0.05,-0.12,0,0.00,-0.1,-0.25,2.65,0.00
205,多頭出場,2025-04-17 12:30,Close entry(s) order Long 0050,40.2,1,40.2,0,0.00,0,0.00,-0.05,-0.12,2.65,0.00
205,多頭進場,2025-04-17 12:25,Long 0050,40.2,1,40.2,0,0.00,0,0.00,-0.05,-0.12,2.65,0.00
206,多頭出場,2025-05-27 09:25,Close entry(s) order Long 0050,44.95,1,44.9,0.05,0.11,0.05,0.11,0,0.00,2.7,0.00
206,多頭進場,2025-05-27 09:15,Long 0050,44.9,1,44.9,0.05,0.11,0.05,0.11,0,0.00,2.7,0.00
207,多頭出場,2025-05-27 10:05,Close entry(s) order Long 0050,44.75,1,44.85,-0.1,-0.22,0,0.00,-0.1,-0.22,2.6,0.00
207,多頭進場,2025-05-27 09:55,Long 0050,44.85,1,44.85,-0.1,-0.22,0,0.00,-0.1,-0.22,2.6,0.00
208,多頭出場,2025-05-27 10:30,Close entry(s) order Long 0050,44.65,1,44.7,-0.05,-0.11,0,0.00,-0.05,-0.11,2.55,0.00
208,多頭進場,2025-05-27 10:20,Long 0050,44.7,1,44.7,-0.05,-0.11,0,0.00,-0.05,-0.11,2.55,0.00
209,多頭出場,2025-05-27 11:20,Close entry(s) order Long 0050,44.6,1,44.65,-0.05,-0.11,0,0.00,-0.1,-0.22,2.5,0.00
209,多頭進場,2025-05-27 11:10,Long 0050,44.65,1,44.65,-0.05,-0.11,0,0.00,-0.1,-0.22,2.5,0.00
210,多頭出場,2025-05-27 13:10,Close entry(s) order Long 0050,44.55,1,44.6,-0.05,-0.11,0,0.00,-0.05,-0.11,2.45,0.00
210,多頭進場,2025-05-27 13:00,Long 0050,44.6,1,44.6,-0.05,-0.11,0,0.00,-0.05,-0.11,2.45,0.00
211,多頭出場,2025-05-28 11:45,Close entry(s) order Long 0050,44.75,1,44.75,0,0.00,0.05,0.11,-0.05,-0.11,2.45,0.00
211,多頭進場,2025-05-28 11:35,Long 0050,44.75,1,44.75,0,0.00,0.05,0.11,-0.05,-0.11,2.45,0.00
212,多頭出場,2025-05-28 12:00,Close entry(s) order Long 0050,44.7,1,44.7,0,0.00,0.05,0.11,0,0.00,2.45,0.00
212,多頭進場,2025-05-28 11:50,Long 0050,44.7,1,44.7,0,0.00,0.05,0.11,0,0.00,2.45,0.00
213,多頭出場,2025-05-28 12:20,Close entry(s) order Long 0050,44.7,1,44.75,-0.05,-0.11,0,0.00,-0.05,-0.11,2.4,0.00
213,多頭進場,2025-05-28 12:10,Long 0050,44.75,1,44.75,-0.05,-0.11,0,0.00,-0.05,-0.11,2.4,0.00
214,多頭出場,2025-05-28 12:50,Close entry(s) order Long 0050,44.65,1,44.65,0,0.00,0.05,0.11,-0.05,-0.11,2.4,0.00
214,多頭進場,2025-05-28 12:40,Long 0050,44.65,1,44.65,0,0.00,0.05,0.11,-0.05,-0.11,2.4,0.00
215,多頭出場,2025-05-29 11:35,Close entry(s) order Long 0050,45.05,1,45,0.05,0.11,0.05,0.11,0,0.00,2.45,0.00
215,多頭進場,2025-05-29 11:25,Long 0050,45,1,45,0.05,0.11,0.05,0.11,0,0.00,2.45,0.00
216,多頭出場,2025-05-29 12:15,Close entry(s) order Long 0050,44.9,1,44.95,-0.05,-0.11,0,0.00,-0.05,-0.11,2.4,0.00
216,多頭進場,2025-05-29 12:05,Long 0050,44.95,1,44.95,-0.05,-0.11,0,0.00,-0.05,-0.11,2.4,0.00
217,多頭出場,2025-05-29 12:40,Close entry(s) order Long 0050,44.9,1,44.9,0,0.00,0,0.00,0,0.00,2.4,0.00
217,多頭進場,2025-05-29 12:30,Long 0050,44.9,1,44.9,0,0.00,0,0.00,0,0.00,2.4,0.00
218,多頭出場,2025-06-23 09:40,Close entry(s) order Long 0050,46.3,1,46.35,-0.05,-0.11,0.05,0.11,-0.05,-0.11,2.35,0.00
218,多頭進場,2025-06-23 09:30,Long 0050,46.35,1,46.35,-0.05,-0.11,0.05,0.11,-0.05,-0.11,2.35,0.00
219,多頭出場,2025-06-25 09:15,Close entry(s) order Long 0050,47.95,1,47.95,0,0.00,0,0.00,0,0.00,2.35,0.00
219,多頭進場,2025-06-25 09:10,Long 0050,47.95,1,47.95,0,0.00,0,0.00,0,0.00,2.35,0.00
220,多頭出場,2025-06-26 12:40,Close entry(s) order Long 0050,48.3,1,48.3,0,0.00,0,0.00,-0.05,-0.10,2.35,0.00
220,多頭進場,2025-06-26 12:35,Long 0050,48.3,1,48.3,0,0.00,0,0.00,-0.05,-0.10,2.35,0.00
221,多頭出場,2025-06-27 09:25,Close entry(s) order Long 0050,48.2,1,48.2,0,0.00,0,0.00,-0.05,-0.10,2.35,0.00
221,多頭進場,2025-06-27 09:15,Long 0050,48.2,1,48.2,0,0.00,0,0.00,-0.05,-0.10,2.35,0.00
222,多頭出場,2025-06-27 10:30,Close entry(s) order Long 0050,48.15,1,48.2,-0.05,-0.10,0,0.00,-0.05,-0.10,2.3,0.00
222,多頭進場,2025-06-27 10:20,Long 0050,48.2,1,48.2,-0.05,-0.10,0,0.00,-0.05,-0.10,2.3,0.00
223,多頭出場,2025-06-27 11:35,Close entry(s) order Long 0050,48.1,1,48.15,-0.05,-0.10,0,0.00,-0.05,-0.10,2.25,0.00
223,多頭進場,2025-06-27 11:25,Long 0050,48.15,1,48.15,-0.05,-0.10,0,0.00,-0.05,-0.10,2.25,0.00
224,多頭出場,2025-06-27 12:50,Close entry(s) order Long 0050,48.3,1,48.25,0.05,0.10,0.05,0.10,0,0.00,2.3,0.00
224,多頭進場,2025-06-27 12:40,Long 0050,48.25,1,48.25,0.05,0.10,0.05,0.10,0,0.00,2.3,0.00
225,多頭出場,2025-07-04 09:35,Close entry(s) order Long 0050,49.25,1,49.3,-0.05,-0.10,0,0.00,-0.05,-0.10,2.25,0.00
225,多頭進場,2025-07-04 09:30,Long 0050,49.3,1,49.3,-0.05,-0.10,0,0.00,-0.05,-0.10,2.25,0.00
226,多頭出場,2025-07-10 09:30,Close entry(s) order Long 0050,49.25,1,49.2,0.05,0.10,0.05,0.10,0,0.00,2.3,0.00
226,多頭進場,2025-07-10 09:25,Long 0050,49.2,1,49.2,0.05,0.10,0.05,0.10,0,0.00,2.3,0.00
227,多頭出場,2025-07-15 10:10,Close entry(s) order Long 0050,50,1,50,0,0.00,0.05,0.10,-0.1,-0.20,2.3,0.00
227,多頭進場,2025-07-15 10:05,Long 0050,50,1,50,0,0.00,0.05,0.10,-0.1,-0.20,2.3,0.00
228,多頭出場,2025-07-16 12:55,Close entry(s) order Long 0050,50.55,1,50.5,0.05,0.10,0.05,0.10,-0.05,-0.10,2.35,0.00
228,多頭進場,2025-07-16 12:50,Long 0050,50.5,1,50.5,0.05,0.10,0.05,0.10,-0.05,-0.10,2.35,0.00
229,多頭出場,2025-07-21 11:05,Close entry(s) order Long 0050,50.8,1,50.85,-0.05,-0.10,0.05,0.10,-0.05,-0.10,2.3,0.00
229,多頭進場,2025-07-21 10:55,Long 0050,50.85,1,50.85,-0.05,-0.10,0.05,0.10,-0.05,-0.10,2.3,0.00
230,多頭出場,2025-07-22 09:20,Close entry(s) order Long 0050,51.2,1,51.2,0,0.00,0.05,0.10,-0.05,-0.10,2.3,0.00
230,多頭進場,2025-07-22 09:15,Long 0050,51.2,1,51.2,0,0.00,0.05,0.10,-0.05,-0.10,2.3,0.00
231,多頭出場,2025-07-23 11:45,Close entry(s) order Long 0050,50.75,1,50.7,0.05,0.10,0.05,0.10,-0.05,-0.10,2.35,0.00
231,多頭進場,2025-07-23 11:35,Long 0050,50.7,1,50.7,0.05,0.10,0.05,0.10,-0.05,-0.10,2.35,0.00
232,多頭出場,2025-07-23 12:45,Close entry(s) order Long 0050,50.7,1,50.6,0.1,0.20,0.1,0.20,0,0.00,2.45,0.00
232,多頭進場,2025-07-23 12:35,Long 0050,50.6,1,50.6,0.1,0.20,0.1,0.20,0,0.00,2.45,0.00
233,多頭出場,2025-07-28 09:25,Close entry(s) order Long 0050,51,1,50.95,0.05,0.10,0.05,0.10,-0.05,-0.10,2.5,0.00
233,多頭進場,2025-07-28 09:15,Long 0050,50.95,1,50.95,0.05,0.10,0.05,0.10,-0.05,-0.10,2.5,0.00
234,多頭出場,2025-07-29 09:15,Close entry(s) order Long 0050,50.9,1,50.85,0.05,0.10,0.05,0.10,-0.05,-0.10,2.55,0.00
234,多頭進場,2025-07-29 09:10,Long 0050,50.85,1,50.85,0.05,0.10,0.05,0.10,-0.05,-0.10,2.55,0.00
235,多頭出場,2025-07-29 09:30,Close entry(s) order Long 0050,50.9,1,50.85,0.05,0.10,0.05,0.10,-0.05,-0.10,2.6,0.00
235,多頭進場,2025-07-29 09:20,Long 0050,50.85,1,50.85,0.05,0.10,0.05,0.10,-0.05,-0.10,2.6,0.00
236,多頭出場,2025-07-29 10:10,Close entry(s) order Long 0050,50.5,1,50.3,0.2,0.40,0.25,0.50,0,0.00,2.8,0.00
236,多頭進場,2025-07-29 10:05,Long 0050,50.3,1,50.3,0.2,0.40,0.25,0.50,0,0.00,2.8,0.00
237,多頭出場,2025-07-29 11:50,Close entry(s) order Long 0050,50.35,1,50.4,-0.05,-0.10,0.05,0.10,-0.05,-0.10,2.75,0.00
237,多頭進場,2025-07-29 11:45,Long 0050,50.4,1,50.4,-0.05,-0.10,0.05,0.10,-0.05,-0.10,2.75,0.00
238,多頭出場,2025-07-31 09:15,Close entry(s) order Long 0050,51.2,1,51.2,0,0.00,0,0.00,-0.05,-0.10,2.75,0.00
238,多頭進場,2025-07-31 09:10,Long 0050,51.2,1,51.2,0,0.00,0,0.00,-0.05,-0.10,2.75,0.00
239,多頭出場,2025-08-01 09:20,Close entry(s) order Long 0050,51.05,1,51.05,0,0.00,0.05,0.10,-0.1,-0.20,2.75,0.00
239,多頭進場,2025-08-01 09:10,Long 0050,51.05,1,51.05,0,0.00,0.05,0.10,-0.1,-0.20,2.75,0.00
240,多頭出場,2025-08-12 12:05,Close entry(s) order Long 0050,52.85,1,52.8,0.05,0.09,0.1,0.19,0,0.00,2.8,0.00
240,多頭進場,2025-08-12 12:00,Long 0050,52.8,1,52.8,0.05,0.09,0.1,0.19,0,0.00,2.8,0.00
241,多頭出場,2025-08-13 10:20,Close entry(s) order Long 0050,53.3,1,53.2,0.1,0.19,0.15,0.28,-0.05,-0.09,2.9,0.00
241,多頭進場,2025-08-13 10:10,Long 0050,53.2,1,53.2,0.1,0.19,0.15,0.28,-0.05,-0.09,2.9,0.00
242,多頭出場,2025-08-13 12:55,Close entry(s) order Long 0050,53.3,1,53.25,0.05,0.09,0.05,0.09,0,0.00,2.95,0.00
242,多頭進場,2025-08-13 12:50,Long 0050,53.25,1,53.25,0.05,0.09,0.05,0.09,0,0.00,2.95,0.00
243,多頭出場,2025-08-15 12:35,Close entry(s) order Long 0050,53.25,1,53.25,0,0.00,0,0.00,-0.05,-0.09,2.95,0.00
243,多頭進場,2025-08-15 12:30,Long 0050,53.25,1,53.25,0,0.00,0,0.00,-0.05,-0.09,2.95,0.00
244,多頭出場,2025-08-21 13:10,Close entry(s) order Long 0050,51.95,1,52,-0.05,-0.10,0,0.00,-0.1,-0.19,2.9,0.00
244,多頭進場,2025-08-21 13:00,Long 0050,52,1,52,-0.05,-0.10,0,0.00,-0.1,-0.19,2.9,0.00
245,多頭出場,2025-08-26 12:45,Close entry(s) order Long 0050,52.7,1,52.7,0,0.00,0.05,0.09,-0.05,-0.09,2.9,0.00
245,多頭進場,2025-08-26 12:35,Long 0050,52.7,1,52.7,0,0.00,0.05,0.09,-0.05,-0.09,2.9,0.00
246,多頭出場,2025-08-26 13:10,Close entry(s) order Long 0050,52.75,1,52.85,-0.1,-0.19,0,0.00,-0.15,-0.28,2.8,0.00
246,多頭進場,2025-08-26 13:00,Long 0050,52.85,1,52.85,-0.1,-0.19,0,0.00,-0.15,-0.28,2.8,0.00
247,多頭出場,2025-08-27 09:25,Close entry(s) order Long 0050,53.05,1,53.05,0,0.00,0,0.00,-0.05,-0.09,2.8,0.00
247,多頭進場,2025-08-27 09:20,Long 0050,53.05,1,53.05,0,0.00,0,0.00,-0.05,-0.09,2.8,0.00
248,多頭出場,2025-08-27 10:10,Close entry(s) order Long 0050,53,1,53.05,-0.05,-0.09,0,0.00,-0.1,-0.19,2.75,0.00
248,多頭進場,2025-08-27 10:00,Long 0050,53.05,1,53.05,-0.05,-0.09,0,0.00,-0.1,-0.19,2.75,0.00
249,多頭出場,2025-08-27 12:40,Close entry(s) order Long 0050,53.05,1,52.9,0.15,0.28,0.15,0.28,0,0.00,2.9,0.00
249,多頭進場,2025-08-27 12:30,Long 0050,52.9,1,52.9,0.15,0.28,0.15,0.28,0,0.00,2.9,0.00
250,多頭出場,2025-08-27 13:00,Close entry(s) order Long 0050,53.15,1,53.15,0,0.00,0,0.00,-0.1,-0.19,2.9,0.00
250,多頭進場,2025-08-27 12:50,Long 0050,53.15,1,53.15,0,0.00,0,0.00,-0.1,-0.19,2.9,0.00
251,多頭出場,2025-09-01 10:20,Close entry(s) order Long 0050,52,1,52.1,-0.1,-0.19,0,0.00,-0.15,-0.29,2.8,0.00
251,多頭進場,2025-09-01 10:15,Long 0050,52.1,1,52.1,-0.1,-0.19,0,0.00,-0.15,-0.29,2.8,0.00
252,多頭出場,2025-09-02 09:15,Close entry(s) order Long 0050,52.45,1,52.45,0,0.00,0.05,0.10,-0.05,-0.10,2.8,0.00
252,多頭進場,2025-09-02 09:10,Long 0050,52.45,1,52.45,0,0.00,0.05,0.10,-0.05,-0.10,2.8,0.00
253,多頭出場,2025-09-04 10:10,Close entry(s) order Long 0050,52.65,1,52.65,0,0.00,0,0.00,-0.05,-0.09,2.8,0.00
253,多頭進場,2025-09-04 10:05,Long 0050,52.65,1,52.65,0,0.00,0,0.00,-0.05,-0.09,2.8,0.00
254,多頭出場,2025-09-25 09:15,Close entry(s) order Long 0050,58.1,1,58.05,0.05,0.09,0.05,0.09,0,0.00,2.85,0.00
254,多頭進場,2025-09-25 09:10,Long 0050,58.05,1,58.05,0.05,0.09,0.05,0.09,0,0.00,2.85,0.00
255,多頭出場,2025-09-25 11:20,Close entry(s) order Long 0050,58.15,1,58.15,0,0.00,0,0.00,-0.05,-0.09,2.85,0.00
255,多頭進場,2025-09-25 11:10,Long 0050,58.15,1,58.15,0,0.00,0,0.00,-0.05,-0.09,2.85,0.00
256,多頭出場,2025-09-25 13:05,Close entry(s) order Long 0050,58.15,1,58.15,0,0.00,0,0.00,-0.05,-0.09,2.85,0.00
256,多頭進場,2025-09-25 13:00,Long 0050,58.15,1,58.15,0,0.00,0,0.00,-0.05,-0.09,2.85,0.00
257,多頭出場,2025-10-01 09:25,Close entry(s) order Long 0050,58.5,1,58.25,0.25,0.43,0.25,0.43,0,0.00,3.1,0.00
257,多頭進場,2025-10-01 09:15,Long 0050,58.25,1,58.25,0.25,0.43,0.25,0.43,0,0.00,3.1,0.00
258,多頭出場,2025-10-01 09:45,Close entry(s) order Long 0050,58.7,1,58.65,0.05,0.09,0.1,0.17,-0.05,-0.09,3.15,0.00
258,多頭進場,2025-10-01 09:40,Long 0050,58.65,1,58.65,0.05,0.09,0.1,0.17,-0.05,-0.09,3.15,0.00
259,多頭出場,2025-10-01 13:10,Close entry(s) order Long 0050,58.05,1,58,0.05,0.09,0.1,0.17,-0.05,-0.09,3.2,0.00
259,多頭進場,2025-10-01 13:00,Long 0050,58,1,58,0.05,0.09,0.1,0.17,-0.05,-0.09,3.2,0.00
260,多頭出場,2025-10-03 09:20,Close entry(s) order Long 0050,59.35,1,59.25,0.1,0.17,0.15,0.25,-0.05,-0.08,3.3,0.00
260,多頭進場,2025-10-03 09:10,Long 0050,59.25,1,59.25,0.1,0.17,0.15,0.25,-0.05,-0.08,3.3,0.00
261,多頭出場,2025-10-03 09:35,Close entry(s) order Long 0050,59.25,1,59.3,-0.05,-0.08,0.05,0.08,-0.05,-0.08,3.25,0.00
261,多頭進場,2025-10-03 09:25,Long 0050,59.3,1,59.3,-0.05,-0.08,0.05,0.08,-0.05,-0.08,3.25,0.00
262,多頭出場,2025-10-03 09:55,Close entry(s) order Long 0050,59.6,1,59.5,0.1,0.17,0.1,0.17,-0.05,-0.08,3.35,0.00
262,多頭進場,2025-10-03 09:50,Long 0050,59.5,1,59.5,0.1,0.17,0.1,0.17,-0.05,-0.08,3.35,0.00
263,多頭出場,2025-10-03 10:45,Close entry(s) order Long 0050,60,1,60.05,-0.05,-0.08,0.05,0.08,-0.05,-0.08,3.3,0.00
263,多頭進場,2025-10-03 10:40,Long 0050,60.05,1,60.05,-0.05,-0.08,0.05,0.08,-0.05,-0.08,3.3,0.00
264,多頭出場,2025-10-21 11:55,Close entry(s) order Long 0050,63.2,1,63.25,-0.05,-0.08,0,0.00,-0.15,-0.24,3.25,0.00
264,多頭進場,2025-10-21 11:50,Long 0050,63.25,1,63.25,-0.05,-0.08,0,0.00,-0.15,-0.24,3.25,0.00
265,多頭出場,2025-10-21 12:05,Close entry(s) order Long 0050,63.15,1,63.1,0.05,0.08,0.1,0.16,-0.05,-0.08,3.3,0.00
265,多頭進場,2025-10-21 12:00,Long 0050,63.1,1,63.1,0.05,0.08,0.1,0.16,-0.05,-0.08,3.3,0.00
266,多頭出場,2025-10-22 09:25,Close entry(s) order Long 0050,62.55,1,62.55,0,0.00,0.1,0.16,-0.05,-0.08,3.3,0.00
266,多頭進場,2025-10-22 09:15,Long 0050,62.55,1,62.55,0,0.00,0.1,0.16,-0.05,-0.08,3.3,0.00
267,多頭出場,2025-10-28 09:15,Close entry(s) order Long 0050,63.5,1,63.45,0.05,0.08,0.05,0.08,0,0.00,3.35,0.00
267,多頭進場,2025-10-28 09:10,Long 0050,63.45,1,63.45,0.05,0.08,0.05,0.08,0,0.00,3.35,0.00
268,多頭出場,2025-10-28 09:40,Close entry(s) order Long 0050,63.6,1,63.6,0,0.00,0.1,0.16,-0.05,-0.08,3.35,0.00
268,多頭進場,2025-10-28 09:30,Long 0050,63.6,1,63.6,0,0.00,0.1,0.16,-0.05,-0.08,3.35,0.00
269,多頭出場,2025-10-28 11:55,Close entry(s) order Long 0050,63.4,1,63.4,0,0.00,0,0.00,-0.05,-0.08,3.35,0.00
269,多頭進場,2025-10-28 11:50,Long 0050,63.4,1,63.4,0,0.00,0,0.00,-0.05,-0.08,3.35,0.00
270,多頭出場,2025-10-28 12:50,Close entry(s) order Long 0050,63.25,1,63.3,-0.05,-0.08,0,0.00,-0.1,-0.16,3.3,0.00
270,多頭進場,2025-10-28 12:40,Long 0050,63.3,1,63.3,-0.05,-0.08,0,0.00,-0.1,-0.16,3.3,0.00
271,多頭出場,2025-10-29 10:25,Close entry(s) order Long 0050,64.35,1,64.25,0.1,0.16,0.1,0.16,-0.05,-0.08,3.4,0.00
271,多頭進場,2025-10-29 10:20,Long 0050,64.25,1,64.25,0.1,0.16,0.1,0.16,-0.05,-0.08,3.4,0.00
272,多頭出場,2025-10-30 09:20,Close entry(s) order Long 0050,64.6,1,64.7,-0.1,-0.15,0,0.00,-0.2,-0.31,3.3,0.00
272,多頭進場,2025-10-30 09:15,Long 0050,64.7,1,64.7,-0.1,-0.15,0,0.00,-0.2,-0.31,3.3,0.00
273,多頭出場,2025-11-11 13:00,Close entry(s) order Long 0050,63.15,1,63.15,0,0.00,0.05,0.08,-0.05,-0.08,3.3,0.00
273,多頭進場,2025-11-11 12:55,Long 0050,63.15,1,63.15,0,0.00,0.05,0.08,-0.05,-0.08,3.3,0.00
274,多頭出場,2025-11-12 10:25,Close entry(s) order Long 0050,63.1,1,63.1,0,0.00,0,0.00,-0.1,-0.16,3.3,0.00
274,多頭進場,2025-11-12 10:15,Long 0050,63.1,1,63.1,0,0.00,0,0.00,-0.1,-0.16,3.3,0.00
275,多頭出場,2025-11-12 12:45,Close entry(s) order Long 0050,63.25,1,63.25,0,0.00,0.05,0.08,-0.05,-0.08,3.3,0.00
275,多頭進場,2025-11-12 12:35,Long 0050,63.25,1,63.25,0,0.00,0.05,0.08,-0.05,-0.08,3.3,0.00
276,多頭出場,2025-11-13 10:20,Close entry(s) order Long 0050,62.85,1,62.75,0.1,0.16,0.1,0.16,0,0.00,3.4,0.00
276,多頭進場,2025-11-13 10:15,Long 0050,62.75,1,62.75,0.1,0.16,0.1,0.16,0,0.00,3.4,0.00
277,多頭出場,2025-11-21 09:35,Close entry(s) order Long 0050,60,1,60.05,-0.05,-0.08,0.05,0.08,-0.1,-0.17,3.35,0.00
277,多頭進場,2025-11-21 09:30,Long 0050,60.05,1,60.05,-0.05,-0.08,0.05,0.08,-0.1,-0.17,3.35,0.00
278,多頭出場,2025-11-24 13:00,Close entry(s) order Long 0050,59.6,1,59.65,-0.05,-0.08,0,0.00,-0.1,-0.17,3.3,0.00
278,多頭進場,2025-11-24 12:50,Long 0050,59.65,1,59.65,-0.05,-0.08,0,0.00,-0.1,-0.17,3.3,0.00
279,多頭出場,2025-11-26 09:30,Close entry(s) order Long 0050,61.5,1,61.25,0.25,0.41,0.25,0.41,0,0.00,3.55,0.00
279,多頭進場,2025-11-26 09:20,Long 0050,61.25,1,61.25,0.25,0.41,0.25,0.41,0,0.00,3.55,0.00
280,多頭出場,2025-12-01 09:25,Close entry(s) order Long 0050,61.7,1,61.8,-0.1,-0.16,0,0.00,-0.1,-0.16,3.45,0.00
280,多頭進場,2025-12-01 09:20,Long 0050,61.8,1,61.8,-0.1,-0.16,0,0.00,-0.1,-0.16,3.45,0.00
281,多頭出場,2025-12-12 12:55,Close entry(s) order Long 0050,63.3,1,63.4,-0.1,-0.16,0,0.00,-0.1,-0.16,3.35,0.00
281,多頭進場,2025-12-12 12:45,Long 0050,63.4,1,63.4,-0.1,-0.16,0,0.00,-0.1,-0.16,3.35,0.00
282,多頭出場,2025-12-15 09:20,Close entry(s) order Long 0050,62.7,1,62.65,0.05,0.08,0.05,0.08,-0.05,-0.08,3.4,0.00
282,多頭進場,2025-12-15 09:15,Long 0050,62.65,1,62.65,0.05,0.08,0.05,0.08,-0.05,-0.08,3.4,0.00
283,多頭出場,2025-12-17 12:50,Close entry(s) order Long 0050,62,1,62.05,-0.05,-0.08,0.05,0.08,-0.05,-0.08,3.35,0.00
283,多頭進場,2025-12-17 12:45,Long 0050,62.05,1,62.05,-0.05,-0.08,0.05,0.08,-0.05,-0.08,3.35,0.00
284,多頭出場,2025-12-22 09:20,Close entry(s) order Long 0050,63.25,1,63.25,0,0.00,0.05,0.08,-0.05,-0.08,3.35,0.00
284,多頭進場,2025-12-22 09:10,Long 0050,63.25,1,63.25,0,0.00,0.05,0.08,-0.05,-0.08,3.35,0.00
285,多頭出場,2025-12-23 10:10,Close entry(s) order Long 0050,63.65,1,63.7,-0.05,-0.08,0.05,0.08,-0.1,-0.16,3.3,0.00
285,多頭進場,2025-12-23 10:00,Long 0050,63.7,1,63.7,-0.05,-0.08,0.05,0.08,-0.1,-0.16,3.3,0.00
286,多頭出場,2025-12-23 10:25,Close entry(s) order Long 0050,63.7,1,63.7,0,0.00,0.05,0.08,-0.05,-0.08,3.3,0.00
286,多頭進場,2025-12-23 10:15,Long 0050,63.7,1,63.7,0,0.00,0.05,0.08,-0.05,-0.08,3.3,0.00
287,多頭出場,2025-12-30 09:50,Close entry(s) order Long 0050,65.05,1,65.05,0,0.00,0.05,0.08,-0.05,-0.08,3.3,0.00
287,多頭進場,2025-12-30 09:45,Long 0050,65.05,1,65.05,0,0.00,0.05,0.08,-0.05,-0.08,3.3,0.00
288,多頭出場,2025-12-31 09:15,Close entry(s) order Long 0050,65.15,1,65.2,-0.05,-0.08,0,0.00,-0.05,-0.08,3.25,0.00
288,多頭進場,2025-12-31 09:10,Long 0050,65.2,1,65.2,-0.05,-0.08,0,0.00,-0.05,-0.08,3.25,0.00
289,多頭出場,2025-12-31 09:55,Close entry(s) order Long 0050,65.45,1,65.35,0.1,0.15,0.25,0.38,0,0.00,3.35,0.00
289,多頭進場,2025-12-31 09:45,Long 0050,65.35,1,65.35,0.1,0.15,0.25,0.38,0,0.00,3.35,0.00
290,多頭出場,2025-12-31 12:05,Close entry(s) order Long 0050,65.75,1,65.75,0,0.00,0,0.00,-0.05,-0.08,3.35,0.00
290,多頭進場,2025-12-31 11:55,Long 0050,65.75,1,65.75,0,0.00,0,0.00,-0.05,-0.08,3.35,0.00
291,多頭出場,2025-12-31 12:35,Close entry(s) order Long 0050,65.75,1,65.75,0,0.00,0.05,0.08,0,0.00,3.35,0.00
291,多頭進場,2025-12-31 12:25,Long 0050,65.75,1,65.75,0,0.00,0.05,0.08,0,0.00,3.35,0.00
292,多頭出場,2026-01-05 09:20,Close entry(s) order Long 0050,68.75,1,68.8,-0.05,-0.07,0,0.00,-0.15,-0.22,3.3,0.00
292,多頭進場,2026-01-05 09:10,Long 0050,68.8,1,68.8,-0.05,-0.07,0,0.00,-0.15,-0.22,3.3,0.00
293,多頭出場,2026-01-05 09:40,Close entry(s) order Long 0050,69,1,68.9,0.1,0.15,0.2,0.29,-0.05,-0.07,3.4,0.00
293,多頭進場,2026-01-05 09:30,Long 0050,68.9,1,68.9,0.1,0.15,0.2,0.29,-0.05,-0.07,3.4,0.00
294,多頭出場,2026-01-05 10:00,Close entry(s) order Long 0050,69.35,1,69.55,-0.2,-0.29,0.05,0.07,-0.3,-0.43,3.2,0.00
294,多頭進場,2026-01-05 09:50,Long 0050,69.55,1,69.55,-0.2,-0.29,0.05,0.07,-0.3,-0.43,3.2,0.00
295,多頭出場,2026-01-05 11:20,Close entry(s) order Long 0050,69.95,1,70.05,-0.1,-0.14,0,0.00,-0.15,-0.21,3.1,0.00
295,多頭進場,2026-01-05 11:10,Long 0050,70.05,1,70.05,-0.1,-0.14,0,0.00,-0.15,-0.21,3.1,0.00
296,多頭出場,2026-01-14 12:20,Close entry(s) order Long 0050,70.85,1,70.8,0.05,0.07,0.05,0.07,0,0.00,3.15,0.00
296,多頭進場,2026-01-14 12:10,Long 0050,70.8,1,70.8,0.05,0.07,0.05,0.07,0,0.00,3.15,0.00
297,多頭出場,2026-01-15 09:20,Close entry(s) order Long 0050,70.4,1,70.4,0,0.00,0.1,0.14,-0.05,-0.07,3.15,0.00
297,多頭進場,2026-01-15 09:10,Long 0050,70.4,1,70.4,0,0.00,0.1,0.14,-0.05,-0.07,3.15,0.00
298,多頭出場,2026-01-15 10:40,Close entry(s) order Long 0050,70.3,1,70.25,0.05,0.07,0.05,0.07,-0.05,-0.07,3.2,0.00
298,多頭進場,2026-01-15 10:30,Long 0050,70.25,1,70.25,0.05,0.07,0.05,0.07,-0.05,-0.07,3.2,0.00
299,多頭出場,2026-01-16 09:15,Close entry(s) order Long 0050,71.4,1,71.35,0.05,0.07,0.1,0.14,-0.05,-0.07,3.25,0.00
299,多頭進場,2026-01-16 09:10,Long 0050,71.35,1,71.35,0.05,0.07,0.1,0.14,-0.05,-0.07,3.25,0.00
300,多頭出場,2026-01-16 12:35,Close entry(s) order Long 0050,72,1,72,0,0.00,0.05,0.07,-0.05,-0.07,3.25,0.00
300,多頭進場,2026-01-16 12:25,Long 0050,72,1,72,0,0.00,0.05,0.07,-0.05,-0.07,3.25,0.00
301,多頭出場,2026-01-16 13:10,Close entry(s) order Long 0050,72.1,1,72,0.1,0.14,0.1,0.14,0,0.00,3.35,0.00
301,多頭進場,2026-01-16 13:00,Long 0050,72,1,72,0.1,0.14,0.1,0.14,0,0.00,3.35,0.00
302,多頭出場,2026-01-19 12:40,Close entry(s) order Long 0050,72.6,1,72.5,0.1,0.14,0.15,0.21,-0.05,-0.07,3.45,0.00
302,多頭進場,2026-01-19 12:35,Long 0050,72.5,1,72.5,0.1,0.14,0.15,0.21,-0.05,-0.07,3.45,0.00
303,多頭出場,2026-01-21 09:20,Close entry(s) order Long 0050,72.2,1,72,0.2,0.28,0.2,0.28,0,0.00,3.65,0.00
303,多頭進場,2026-01-21 09:15,Long 0050,72,1,72,0.2,0.28,0.2,0.28,0,0.00,3.65,0.00
304,多頭出場,2026-01-21 10:45,Close entry(s) order Long 0050,72.05,1,72,0.05,0.07,0.05,0.07,-0.1,-0.14,3.7,0.00
304,多頭進場,2026-01-21 10:35,Long 0050,72,1,72,0.05,0.07,0.05,0.07,-0.1,-0.14,3.7,0.00
305,多頭出場,2026-01-27 09:55,Close entry(s) order Long 0050,72.7,1,72.55,0.15,0.21,0.15,0.21,0,0.00,3.85,0.00
305,多頭進場,2026-01-27 09:45,Long 0050,72.55,1,72.55,0.15,0.21,0.15,0.21,0,0.00,3.85,0.00
306,多頭出場,2026-01-27 11:40,Close entry(s) order Long 0050,73.1,1,73.05,0.05,0.07,0.1,0.14,0,0.00,3.9,0.00
306,多頭進場,2026-01-27 11:35,Long 0050,73.05,1,73.05,0.05,0.07,0.1,0.14,0,0.00,3.9,0.00
307,多頭出場,2026-02-02 09:25,Close entry(s) order Long 0050,71.4,1,71.25,0.15,0.21,0.15,0.21,-0.05,-0.07,4.05,0.00
307,多頭進場,2026-02-02 09:15,Long 0050,71.25,1,71.25,0.15,0.21,0.15,0.21,-0.05,-0.07,4.05,0.00
308,多頭出場,2026-02-02 09:40,Close entry(s) order Long 0050,71.4,1,71.3,0.1,0.14,0.1,0.14,-0.05,-0.07,4.15,0.00
308,多頭進場,2026-02-02 09:35,Long 0050,71.3,1,71.3,0.1,0.14,0.1,0.14,-0.05,-0.07,4.15,0.00
309,多頭出場,2026-02-02 09:55,Close entry(s) order Long 0050,71.05,1,71.05,0,0.00,0.1,0.14,-0.05,-0.07,4.15,0.00
309,多頭進場,2026-02-02 09:50,Long 0050,71.05,1,71.05,0,0.00,0.1,0.14,-0.05,-0.07,4.15,0.00
310,多頭出場,2026-02-06 09:20,Close entry(s) order Long 0050,70.9,1,70.95,-0.05,-0.07,0.15,0.21,-0.1,-0.14,4.1,0.00
310,多頭進場,2026-02-06 09:10,Long 0050,70.95,1,70.95,-0.05,-0.07,0.15,0.21,-0.1,-0.14,4.1,0.00
311,多頭出場,2026-02-06 13:05,Close entry(s) order Long 0050,71.85,1,71.85,0,0.00,0.05,0.07,-0.1,-0.14,4.1,0.00
311,多頭進場,2026-02-06 12:55,Long 0050,71.85,1,71.85,0,0.00,0.05,0.07,-0.1,-0.14,4.1,0.00
312,多頭出場,2026-02-09 09:20,Close entry(s) order Long 0050,73.85,1,73.8,0.05,0.07,0.05,0.07,0,0.00,4.15,0.00
312,多頭進場,2026-02-09 09:15,Long 0050,73.8,1,73.8,0.05,0.07,0.05,0.07,0,0.00,4.15,0.00
313,多頭出場,2026-02-09 09:35,Close entry(s) order Long 0050,73.9,1,73.95,-0.05,-0.07,0,0.00,-0.15,-0.20,4.1,0.00
313,多頭進場,2026-02-09 09:25,Long 0050,73.95,1,73.95,-0.05,-0.07,0,0.00,-0.15,-0.20,4.1,0.00
314,多頭出場,2026-02-09 10:15,Close entry(s) order Long 0050,74.1,1,74.1,0,0.00,0,0.00,-0.05,-0.07,4.1,0.00
314,多頭進場,2026-02-09 10:05,Long 0050,74.1,1,74.1,0,0.00,0,0.00,-0.05,-0.07,4.1,0.00
315,多頭出場,2026-02-11 09:40,Close entry(s) order Long 0050,76.5,1,76.45,0.05,0.07,0.05,0.07,-0.05,-0.07,4.15,0.00
315,多頭進場,2026-02-11 09:35,Long 0050,76.45,1,76.45,0.05,0.07,0.05,0.07,-0.05,-0.07,4.15,0.00
316,多頭出場,2026-02-24 09:50,Close entry(s) order Long 0050,78.5,1,78.5,0,0.00,0,0.00,-0.05,-0.06,4.15,0.00
316,多頭進場,2026-02-24 09:45,Long 0050,78.5,1,78.5,0,0.00,0,0.00,-0.05,-0.06,4.15,0.00
317,多頭出場,2026-03-02 09:45,Close entry(s) order Long 0050,80.45,1,80.7,-0.25,-0.31,0.1,0.12,-0.25,-0.31,3.9,0.00
317,多頭進場,2026-03-02 09:35,Long 0050,80.7,1,80.7,-0.25,-0.31,0.1,0.12,-0.25,-0.31,3.9,0.00
318,多頭出場,2026-03-06 09:40,Close entry(s) order Long 0050,76.55,1,76.45,0.1,0.13,0.25,0.33,-0.05,-0.07,4,0.00
318,多頭進場,2026-03-06 09:30,Long 0050,76.45,1,76.45,0.1,0.13,0.25,0.33,-0.05,-0.07,4,0.00
319,多頭出場,2026-03-06 10:05,Close entry(s) order Long 0050,76.75,1,76.8,-0.05,-0.07,0.15,0.20,-0.2,-0.26,3.95,0.00
319,多頭進場,2026-03-06 09:55,Long 0050,76.8,1,76.8,-0.05,-0.07,0.15,0.20,-0.2,-0.26,3.95,0.00
320,多頭出場,2026-03-09 09:20,Close entry(s) order Long 0050,73.3,1,72.8,0.5,0.69,0.55,0.76,-0.1,-0.14,4.45,0.00
320,多頭進場,2026-03-09 09:10,Long 0050,72.8,1,72.8,0.5,0.69,0.55,0.76,-0.1,-0.14,4.45,0.00
321,多頭出場,2026-03-09 09:35,Close entry(s) order Long 0050,72.85,1,73.05,-0.2,-0.27,0,0.00,-0.45,-0.62,4.25,0.00
321,多頭進場,2026-03-09 09:25,Long 0050,73.05,1,73.05,-0.2,-0.27,0,0.00,-0.45,-0.62,4.25,0.00
322,多頭出場,2026-03-09 13:00,Close entry(s) order Long 0050,73.1,1,73,0.1,0.14,0.1,0.14,-0.1,-0.14,4.35,0.00
322,多頭進場,2026-03-09 12:50,Long 0050,73,1,73,0.1,0.14,0.1,0.14,-0.1,-0.14,4.35,0.00
323,多頭出場,2026-03-11 09:25,Close entry(s) order Long 0050,76.9,1,76.85,0.05,0.07,0.05,0.07,-0.15,-0.20,4.4,0.00
323,多頭進場,2026-03-11 09:20,Long 0050,76.85,1,76.85,0.05,0.07,0.05,0.07,-0.15,-0.20,4.4,0.00
324,多頭出場,2026-03-12 09:25,Close entry(s) order Long 0050,77.25,1,76.95,0.3,0.39,0.35,0.45,0,0.00,4.7,0.00
324,多頭進場,2026-03-12 09:15,Long 0050,76.95,1,76.95,0.3,0.39,0.35,0.45,0,0.00,4.7,0.00
325,多頭出場,2026-03-12 10:10,Close entry(s) order Long 0050,77,1,76.95,0.05,0.06,0.1,0.13,-0.05,-0.06,4.75,0.00
325,多頭進場,2026-03-12 10:05,Long 0050,76.95,1,76.95,0.05,0.06,0.1,0.13,-0.05,-0.06,4.75,0.00
326,多頭出場,2026-03-12 10:50,Close entry(s) order Long 0050,76.45,1,76.45,0,0.00,0.2,0.26,-0.05,-0.07,4.75,0.00
326,多頭進場,2026-03-12 10:40,Long 0050,76.45,1,76.45,0,0.00,0.2,0.26,-0.05,-0.07,4.75,0.00
327,多頭出場,2026-03-12 12:45,Close entry(s) order Long 0050,76.55,1,76.6,-0.05,-0.07,0.1,0.13,-0.1,-0.13,4.7,0.00
327,多頭進場,2026-03-12 12:35,Long 0050,76.6,1,76.6,-0.05,-0.07,0.1,0.13,-0.1,-0.13,4.7,0.00
328,多頭出場,2026-03-18 11:45,Close entry(s) order Long 0050,77.95,1,77.85,0.1,0.13,0.1,0.13,-0.05,-0.06,4.8,0.00
328,多頭進場,2026-03-18 11:35,Long 0050,77.85,1,77.85,0.1,0.13,0.1,0.13,-0.05,-0.06,4.8,0.00
329,多頭出場,2026-03-25 09:20,Close entry(s) order Long 0050,76.3,1,76.25,0.05,0.07,0.15,0.20,-0.05,-0.07,4.85,0.00
329,多頭進場,2026-03-25 09:10,Long 0050,76.25,1,76.25,0.05,0.07,0.15,0.20,-0.05,-0.07,4.85,0.00
330,多頭出場,2026-03-25 10:10,Close entry(s) order Long 0050,76.25,1,76.6,-0.35,-0.46,0.05,0.07,-0.4,-0.52,4.5,0.00
330,多頭進場,2026-03-25 10:00,Long 0050,76.6,1,76.6,-0.35,-0.46,0.05,0.07,-0.4,-0.52,4.5,0.00
331,多頭出場,2026-03-25 12:05,Close entry(s) order Long 0050,76.3,1,76.25,0.05,0.07,0.05,0.07,-0.05,-0.07,4.55,0.00
331,多頭進場,2026-03-25 11:55,Long 0050,76.25,1,76.25,0.05,0.07,0.05,0.07,-0.05,-0.07,4.55,0.00
332,多頭出場,2026-03-25 12:20,Close entry(s) order Long 0050,76.5,1,76.4,0.1,0.13,0.1,0.13,-0.05,-0.07,4.65,0.00
332,多頭進場,2026-03-25 12:10,Long 0050,76.4,1,76.4,0.1,0.13,0.1,0.13,-0.05,-0.07,4.65,0.00
333,多頭出場,2026-03-26 09:35,Close entry(s) order Long 0050,76.8,1,76.55,0.25,0.33,0.3,0.39,-0.05,-0.07,4.9,0.00
333,多頭進場,2026-03-26 09:25,Long 0050,76.55,1,76.55,0.25,0.33,0.3,0.39,-0.05,-0.07,4.9,0.00
334,多頭出場,2026-03-26 13:10,Close entry(s) order Long 0050,75.8,1,75.95,-0.15,-0.20,0.1,0.13,-0.15,-0.20,4.75,0.00
334,多頭進場,2026-03-26 13:00,Long 0050,75.95,1,75.95,-0.15,-0.20,0.1,0.13,-0.15,-0.20,4.75,0.00
335,多頭出場,2026-03-30 09:40,Close entry(s) order Long 0050,73.55,1,73.55,0,0.00,0.05,0.07,-0.1,-0.14,4.75,0.00
335,多頭進場,2026-03-30 09:30,Long 0050,73.55,1,73.55,0,0.00,0.05,0.07,-0.1,-0.14,4.75,0.00
336,多頭出場,2026-03-30 12:50,Close entry(s) order Long 0050,73.85,1,73.85,0,0.00,0.05,0.07,-0.1,-0.14,4.75,0.00
336,多頭進場,2026-03-30 12:40,Long 0050,73.85,1,73.85,0,0.00,0.05,0.07,-0.1,-0.14,4.75,0.00
337,多頭出場,2026-04-10 11:45,Close entry(s) order Long 0050,80.6,1,80.6,0,0.00,0.05,0.06,-0.05,-0.06,4.75,0.00
337,多頭進場,2026-04-10 11:35,Long 0050,80.6,1,80.6,0,0.00,0.05,0.06,-0.05,-0.06,4.75,0.00
338,多頭出場,2026-04-10 12:30,Close entry(s) order Long 0050,80.75,1,80.6,0.15,0.19,0.2,0.25,0,0.00,4.9,0.00
338,多頭進場,2026-04-10 12:20,Long 0050,80.6,1,80.6,0.15,0.19,0.2,0.25,0,0.00,4.9,0.00
339,多頭出場,2026-04-15 09:20,Close entry(s) order Long 0050,84.5,1,84.3,0.2,0.24,0.25,0.30,0,0.00,5.1,0.00
339,多頭進場,2026-04-15 09:15,Long 0050,84.3,1,84.3,0.2,0.24,0.25,0.30,0,0.00,5.1,0.00
340,多頭出場,2026-04-15 12:45,Close entry(s) order Long 0050,84.25,1,84.2,0.05,0.06,0.2,0.24,-0.05,-0.06,5.15,0.00
340,多頭進場,2026-04-15 12:35,Long 0050,84.2,1,84.2,0.05,0.06,0.2,0.24,-0.05,-0.06,5.15,0.00
341,多頭出場,2026-04-16 09:15,Close entry(s) order Long 0050,84.55,1,84.3,0.25,0.30,0.25,0.30,-0.05,-0.06,5.4,0.00
341,多頭進場,2026-04-16 09:10,Long 0050,84.3,1,84.3,0.25,0.30,0.25,0.30,-0.05,-0.06,5.4,0.00
342,多頭出場,2026-04-21 10:50,Close entry(s) order Long 0050,86,1,86,0,0.00,0,0.00,-0.05,-0.06,5.4,0.00
342,多頭進場,2026-04-21 10:45,Long 0050,86,1,86,0,0.00,0,0.00,-0.05,-0.06,5.4,0.00
343,多頭出場,2026-04-21 13:10,Close entry(s) order Long 0050,86,1,85.9,0.1,0.12,0.15,0.17,0,0.00,5.5,0.00
343,多頭進場,2026-04-21 13:00,Long 0050,85.9,1,85.9,0.1,0.12,0.15,0.17,0,0.00,5.5,0.00
344,多頭出場,2026-04-24 09:20,Close entry(s) order Long 0050,87.95,1,87.95,0,0.00,0.15,0.17,-0.05,-0.06,5.5,0.00
344,多頭進場,2026-04-24 09:15,Long 0050,87.95,1,87.95,0,0.00,0.15,0.17,-0.05,-0.06,5.5,0.00
345,多頭出場,2026-04-24 10:00,Close entry(s) order Long 0050,89.5,1,89.05,0.45,0.51,0.45,0.51,-0.05,-0.06,5.95,0.00
345,多頭進場,2026-04-24 09:50,Long 0050,89.05,1,89.05,0.45,0.51,0.45,0.51,-0.05,-0.06,5.95,0.00
346,多頭出場,2026-04-28 09:15,Close entry(s) order Long 0050,92.65,1,92.4,0.25,0.27,0.3,0.32,-0.05,-0.05,6.2,0.00
346,多頭進場,2026-04-28 09:10,Long 0050,92.4,1,92.4,0.25,0.27,0.3,0.32,-0.05,-0.05,6.2,0.00
347,多頭出場,2026-04-28 09:30,Close entry(s) order Long 0050,93.45,1,93,0.45,0.48,0.45,0.48,-0.1,-0.11,6.65,0.00
347,多頭進場,2026-04-28 09:20,Long 0050,93,1,93,0.45,0.48,0.45,0.48,-0.1,-0.11,6.65,0.00
348,多頭出場,2026-04-29 13:10,Close entry(s) order Long 0050,91,1,91.15,-0.15,-0.16,0.05,0.05,-0.15,-0.16,6.5,0.00
348,多頭進場,2026-04-29 13:00,Long 0050,91.15,1,91.15,-0.15,-0.16,0.05,0.05,-0.15,-0.16,6.5,0.00
349,多頭出場,2026-05-04 09:15,Close entry(s) order Long 0050,93.15,1,92.65,0.5,0.54,0.55,0.59,0,0.00,7,0.00
349,多頭進場,2026-05-04 09:10,Long 0050,92.65,1,92.65,0.5,0.54,0.55,0.59,0,0.00,7,0.00
350,多頭出場,2026-05-04 09:30,Close entry(s) order Long 0050,92.7,1,93.25,-0.55,-0.59,0.05,0.05,-0.55,-0.59,6.45,0.00
350,多頭進場,2026-05-04 09:20,Long 0050,93.25,1,93.25,-0.55,-0.59,0.05,0.05,-0.55,-0.59,6.45,0.00
351,多頭出場,2026-05-04 09:55,Close entry(s) order Long 0050,93.45,1,93.45,0,0.00,0.15,0.16,-0.1,-0.11,6.45,0.00
351,多頭進場,2026-05-04 09:45,Long 0050,93.45,1,93.45,0,0.00,0.15,0.16,-0.1,-0.11,6.45,0.00
352,多頭出場,2026-05-04 12:45,Close entry(s) order Long 0050,94.6,1,94.55,0.05,0.05,0.05,0.05,0,0.00,6.5,0.00
352,多頭進場,2026-05-04 12:35,Long 0050,94.55,1,94.55,0.05,0.05,0.05,0.05,0,0.00,6.5,0.00
353,多頭出場,2026-05-08 13:00,Close entry(s) order Long 0050,96.8,1,96.65,0.15,0.16,0.15,0.16,-0.05,-0.05,6.65,0.00
353,多頭進場,2026-05-08 12:50,Long 0050,96.65,1,96.65,0.15,0.16,0.15,0.16,-0.05,-0.05,6.65,0.00
354,多頭出場,2026-05-12 09:45,Close entry(s) order Long 0050,96.1,1,96.05,0.05,0.05,0.1,0.10,-0.55,-0.57,6.7,0.00
354,多頭進場,2026-05-12 09:35,Long 0050,96.05,1,96.05,0.05,0.05,0.1,0.10,-0.55,-0.57,6.7,0.00
355,多頭出場,2026-05-12 12:15,Close entry(s) order Long 0050,96.95,1,97.05,-0.1,-0.10,0.05,0.05,-0.15,-0.15,6.6,0.00
355,多頭進場,2026-05-12 12:05,Long 0050,97.05,1,97.05,-0.1,-0.10,0.05,0.05,-0.15,-0.15,6.6,0.00
356,多頭出場,2026-05-12 12:45,Close entry(s) order Long 0050,97.35,1,97.2,0.15,0.15,0.15,0.15,-0.05,-0.05,6.75,0.00
356,多頭進場,2026-05-12 12:35,Long 0050,97.2,1,97.2,0.15,0.15,0.15,0.15,-0.05,-0.05,6.75,0.00
357,多頭出場,2026-05-20 10:45,Close entry(s) order Long 0050,92.85,1,93,-0.15,-0.16,0.1,0.11,-0.2,-0.22,6.6,0.00
357,多頭進場,2026-05-20 10:35,Long 0050,93,1,93,-0.15,-0.16,0.1,0.11,-0.2,-0.22,6.6,0.00
358,多頭出場,2026-05-20 11:30,Close entry(s) order Long 0050,92.65,1,92.65,0,0.00,0.05,0.05,-0.1,-0.11,6.6,0.00
358,多頭進場,2026-05-20 11:20,Long 0050,92.65,1,92.65,0,0.00,0.05,0.05,-0.1,-0.11,6.6,0.00
359,多頭出場,2026-05-20 11:55,Close entry(s) order Long 0050,92.7,1,92.55,0.15,0.16,0.15,0.16,-0.05,-0.05,6.75,0.00
359,多頭進場,2026-05-20 11:45,Long 0050,92.55,1,92.55,0.15,0.16,0.15,0.16,-0.05,-0.05,6.75,0.00
360,多頭出場,2026-05-20 12:45,Close entry(s) order Long 0050,92.6,1,92.65,-0.05,-0.05,0.2,0.22,-0.05,-0.05,6.7,0.00
360,多頭進場,2026-05-20 12:35,Long 0050,92.65,1,92.65,-0.05,-0.05,0.2,0.22,-0.05,-0.05,6.7,0.00
361,多頭出場,2026-05-28 11:50,Close entry(s) order Long 0050,101.6,1,100.95,0.65,0.64,0.7,0.69,-0.1,-0.10,7.35,0.00
361,多頭進場,2026-05-28 11:45,Long 0050,100.95,1,100.95,0.65,0.64,0.7,0.69,-0.1,-0.10,7.35,0.00