time,close,0050 · TWSE: close,TW50 · FTSE: close,Volume,0050 - TW50 Relative Deviation,Entry,Exit by Reversion,Exit by Time,Exit by Stop,Exit by End of Day,relative_deviation,volume_ratio,deviation_slope_1bar,deviation_slope_3bar,etf_return_5m,etf_return_15m,tw50_return_5m,tw50_return_15m,realized_vol_10bar,minutes_since_open,minutes_to_close,session_id,signal_count_today,volume_ok_num,allow_entry_num,force_exit_num,candidate_signal_v1_1_num,is_2025_high_prob_session_num
2026-05-22T10:30:00+08:00,96.6,96.6,38665.42,2030000,0.3728043927269181,,,,,,0.3728043927269181,1.523680852660812,0.020885271414821605,0.20070004097440003,0.0517866390471229,0.0517866390471229,0.031096876342047008,-0.14833615079052098,0.07954150457591892,90,180,4,0,1,1,0,0,0
2026-05-22T10:35:00+08:00,96.6,96.6,38709.44,692000,0.25884749442554367,,,,,,0.25884749442554367,0.49538263297301166,-0.11395689830137445,0.07481495594976728,0,0,0.11384849821883243,-0.0746030934727564,0.07321842580266308,95,175,4,0,0,1,0,0,0
2026-05-22T10:40:00+08:00,96.6,96.6,38657.2,515000,0.39408394075139214,,,,,,0.39408394075139214,0.3685020213945834,0.13523644632584847,0.04216481943929562,0,0.0517866390471229,-0.13495416105220132,0.009830959242901359,0.064665193322207,100,170,4,0,0,1,0,0,0
2026-05-22T10:45:00+08:00,96.55,96.55,38668.37,274000,0.31316549188066645,,,,,,0.31316549188066645,0.2231088673560785,-0.08091844887072569,-0.059638900846251675,-0.05175983436852709,-0.05175983436852709,0.028895005328905172,0.007629556332258555,0.06548855180008765,105,165,4,0,0,1,0,0,0
2026-05-22T10:50:00+08:00,96.55,96.55,38636.49,306000,0.3956949311775318,,,,,,0.3956949311775318,0.27435334200026895,0.08252943929686535,0.13684743675198813,0,-0.05175983436852709,-0.08244464403336539,-0.18845532252598943,0.06319785181200328,110,160,4,0,0,1,0,0,0
2026-05-22T10:55:00+08:00,96.45,96.45,38622.9,516000,0.32687192157712697,,,,,,0.32687192157712697,0.5364940736119775,-0.06882300960040483,-0.06721201917426517,-0.1035732780942458,-0.15527950310558125,-0.03517400260737067,-0.08872861976551752,0.05178933368880524,115,155,4,0,0,1,0,0,0
2026-05-22T11:00:00+08:00,96.35,96.35,38552.27,600000,0.40571137174750993,,,,,,0.40571137174750993,0.6586530545035403,0.07883945017038296,0.09254587986684348,-0.1036806635562556,-0.2071465561885063,-0.18287078391318273,-0.30024539436238407,0.05698166809112566,120,150,4,0,0,1,0,0,0
2026-05-22T11:05:00+08:00,96.05,96.05,38484.72,1464000,0.26856914295789397,,,,,,0.26856914295789397,1.6596757737218002,-0.13714222878961596,-0.12712578821963783,-0.3113648157758144,-0.5178663904712585,-0.1752166603937865,-0.39281518585150155,0.10112173061705071,125,145,4,0,1,1,0,0,0
2026-05-22T11:10:00+08:00,96.2,96.2,38521.71,495000,0.3288174170973958,,,,,,0.3288174170973958,0.5499388956782579,0.060248274139501845,0.0019454955202688473,0.15616866215513345,-0.2592016588906169,0.09611606892293346,-0.2619948269032163,0.11562830720214703,130,140,4,0,0,1,0,0,0
2026-05-22T11:15:00+08:00,96.1,96.1,38468.95,431000,0.36139585471335633,,,,,,0.36139585471335633,0.5159822818149168,0.03257843761596052,-0.044315517034153595,-0.10395010395011281,-0.2594706798131811,-0.13696172885368285,-0.21612216349387392,0.117145187570062,135,135,4,0,0,1,0,0,0
2026-05-22T11:20:00+08:00,96.2,96.2,38493.21,415000,0.4025968719267659,,,,,,0.4025968719267659,0.5112411456729289,0.041201017213409574,0.13402772896887194,0.10405827263268318,0.15616866215513345,0.06306384759657344,0.02206070357273734,0.12246575247745738,140,130,4,0,0,1,0,0,0
2026-05-22T11:25:00+08:00,96.35,96.35,38581.61,651000,0.32975736456526433,,,,,,0.32975736456526433,0.8233731739707836,-0.07283950736150158,0.0009399474678685182,0.15592515592514705,0.15592515592514705,0.22965089167674368,0.15549673158331095,0.13593151601198886,145,125,4,0,0,1,0,0,0
2026-05-22T11:30:00+08:00,96.55,96.55,38641.7,1597000,0.382207529084165,,,,,,0.382207529084165,2.2612389380530975,0.052450164518900666,0.020811674370808664,0.20757654385054786,0.46826222684703733,0.1557477772441236,0.4490634654702039,0.1530592275328548,150,120,4,0,1,1,0,0,0
2026-05-22T11:35:00+08:00,96.55,96.55,38656.19,1156000,0.34469650099721905,,,,,,0.34469650099721905,1.5209525689099401,-0.03751102808694595,-0.05790037092954686,0,0.3638253638253579,0.037498350227876204,0.4233993475732557,0.1522655880320491,155,115,4,0,1,1,0,0,0
2026-05-22T11:40:00+08:00,96.6,96.6,38712.29,687000,0.2514695489426104,,,,,,0.2514695489426104,0.8847961877777062,-0.09322695205460862,-0.07828781562265391,0.0517866390471229,0.2594706798131811,0.14512552840825374,0.3387105929482992,0.15305219737781975,160,110,4,0,0,1,0,0,0
2026-05-22T11:45:00+08:00,96.55,96.55,38711.27,534000,0.20210799671647173,,,,,,0.20210799671647173,0.6863753213367609,-0.049361552226138694,-0.18009953236769327,-0.05175983436852709,0,-0.002634822171470803,0.18003866289526524,0.15012803777284023,165,105,4,0,0,1,0,0,0
2026-05-22T11:50:00+08:00,96.55,96.55,38720.6,213000,0.17795493308285237,,,,,,0.17795493308285237,0.28176466697532904,-0.024153063633619354,-0.16674156791436667,0,0,0.024101508423778777,0.16662273234893613,0.1453916486543243,170,100,4,0,0,1,0,0,0
2026-05-22T11:55:00+08:00,96.6,96.6,38681.22,768000,0.33190209847062824,,,,,,0.33190209847062824,1.053714756122659,0.15394716538777586,0.08043254952801782,0.0517866390471229,0,-0.10170296947877198,-0.08025874986987261,0.09423063672163287,175,95,4,0,0,1,0,0,0
2026-05-22T12:00:00+08:00,96.8,96.8,38807.82,3165000,0.2121743141929831,,,,,,0.2121743141929831,4.424407632627386,-0.11972778427764513,0.010066317476511377,0.20703933747412304,0.25893319523562924,0.3272906076902397,0.24941057216671764,0.1005964853675281,180,90,4,0,1,1,0,0,0
2026-05-22T12:05:00+08:00,96.9,96.9,38854.06,826000,0.19647454483975213,,,,,,0.19647454483975213,0.963096834372996,-0.015699769353230975,0.018519611756899756,0.10330578512397574,0.3625064733298897,0.11915124322880791,0.3446744110370168,0.08424112978954215,185,85,4,0,0,1,0,0,0
2026-05-22T12:10:00+08:00,97.05,97.05,38930.33,2793000,0.15503660895474403,,,,,,0.15503660895474403,3.22238246322469,-0.041437935885008104,-0.1768654895158842,0.1547987616098983,0.4658385093167732,0.19629866222475612,0.6440076088603218,0.08684623617574576,190,80,4,0,1,1,0,0,0
2026-05-22T12:15:00+08:00,97.05,97.05,38914.01,960000,0.19728505466756163,,,,,,0.19728505466756163,1.0608907061553763,0.042248445712817606,-0.014889259525421472,0,0.2582644628099174,-0.04192104202558701,0.2736304177869366,0.08725589374929535,195,75,4,0,0,1,0,0,0
2026-05-22T12:20:00+08:00,97,97,38941.86,473000,0.07318620907566475,,,,,,0.07318620907566475,0.5150822171403681,-0.12409884559189688,-0.12328833576408738,-0.05151983513652464,0.10319917440659888,0.07156805479568552,0.2259738107163136,0.08156832042010886,200,70,4,0,0,1,0,0,0
2026-05-22T12:25:00+08:00,97,97,38887.06,724000,0.21504986257214542,,,,,,0.21504986257214542,0.7902204758786291,0.14186365349648067,0.060013253617401396,0,-0.05151983513652464,-0.14072260544309623,-0.11114727257643096,0.08156832042010885,205,65,4,0,0,1,0,0,0
2026-05-22T12:30:00+08:00,97,97,38893.86,545000,0.19744634352513024,,,,,,0.19744634352513024,0.5805901779056142,-0.01760351904701518,0.0001612888575686089,0,-0.05151983513652464,0.017486536652559774,-0.05178083677318645,0.08270704689873527,210,60,4,0,0,1,0,0,0
2026-05-22T12:35:00+08:00,97,97,38896.01,913000,0.19188052500291075,,,,,,0.19188052500291075,0.9603955188555199,-0.00556581852221949,0.118694315927246,0,0,0.00552786480951352,-0.11773962517455136,0.07821474773503537,215,55,4,0,0,1,0,0,0
2026-05-22T12:40:00+08:00,97.05,97.05,38909.47,1602000,0.20903799238424237,,,,,,0.20903799238424237,1.6506955177743432,0.017157467381331615,-0.006011870187903057,0.051546391752574396,0.051546391752574396,0.034605091884743776,0.05762842446819969,0.07666077664221242,220,50,4,0,1,1,0,0,0
2026-05-22T12:45:00+08:00,97.1,97.1,38981.16,747000,0.0754523841615582,,,,,,0.0754523841615582,0.7319223985890653,-0.13358560822268417,-0.12199395936357205,0.05151983513652464,0.10309278350514879,0.18424820487146787,0.2244570222652185,0.07666078678062276,225,45,5,0,0,1,0,0,1
2026-05-22T12:50:00+08:00,97.2,97.2,38973.36,1983000,0.19964881617601926,,,,,,0.19964881617601926,2.0137090632140136,0.12419643201446107,0.00776829117310851,0.10298661174048251,0.20618556701031218,-0.020009666207991012,0.19886358523663106,0.06014950255471361,230,40,5,0,1,1,0,0,1
2026-05-22T12:55:00+08:00,97.2,97.2,39041.11,702000,0.02426081390620083,,,,,,0.02426081390620083,0.6627956380116131,-0.17538800226981843,-0.18477717847804154,0,0.15455950540958854,0.17383669255101433,0.33832380651805183,0.05741594032258922,235,35,5,0,0,1,0,0,1
2026-05-22T13:00:00+08:00,97.2,97.2,39033.64,759000,0.043598797329901684,,,,,,0.043598797329901684,0.7075603617041111,0.019337983423700855,-0.03185358683165651,0,0.10298661174048251,-0.019133677295551186,0.1346291387942173,0.040229112106316245,240,30,6,0,0,0,0,0,0
2026-05-22T13:05:00+08:00,97.25,97.25,39026.84,1033000,0.11320439646011748,,,,,,0.11320439646011748,0.9477933755390403,0.0696055991302158,-0.08644441971590178,0.05144032921810407,0.05144032921810407,-0.017420870818101796,0.13722193826756515,0.041201293203899314,245,25,6,0,0,0,0,0,0
2026-05-22T13:10:00+08:00,97.3,97.3,39024.27,1495000,0.17185957124196571,,,,,,0.17185957124196571,1.3480613165013526,0.05865517478184823,0.14759875733576489,0.05141388174806906,0.10288065843620814,-0.006585211613340227,-0.043134019498942994,0.034153629807775046,250,20,6,0,0,0,0,0,0
2026-05-22T13:15:00+08:00,97.25,97.25,39016.66,1082000,0.13955789997459034,,,,,,0.13955789997459034,0.9801612464897183,-0.032301671267375376,0.09595910264468865,-0.05138746145940099,0.05144032921810407,-0.019500685086468773,-0.043500939189878074,0.041492286255773496,255,15,6,0,0,0,0,0,0
2026-05-22T13:20:00+08:00,97.25,97.25,39019.6,1165000,0.1319469667395734,,,,,,0.1319469667395734,1.0588983821123432,-0.007610933235016937,0.018742570279455917,0,0,0.007535242637363249,-0.018551335439912543,0.0414922862557735,260,10,7,0,0,0,1,0,0
2026-05-25T09:00:00+08:00,100,100,39983.03,7829000,0,,,,,,0,6.964682857397029,-0.1319469667395734,-0.17185957124196571,2.827763496143959,2.774922918807814,2.469092456098987,2.456830070107659,0.8407256955228847,0,270,1,0,1,1,0,0,1
2026-05-25T09:05:00+08:00,100.3,100.3,40126.09,8451000,-0.057801797412549316,,,,,,-0.057801797412549316,5.6761930348927025,-0.057801797412549316,-0.19735969738713965,0.29999999999999716,3.136246786632388,0.3578017974125465,2.8434776323754853,0.8364243574959854,5,265,2,0,1,1,0,0,0
2026-05-25T09:10:00+08:00,100.1,100.1,40069.03,3786000,-0.11509125246386348,,,,,,-0.11509125246386348,1.991845324214126,-0.057289455051314164,-0.24703821920343688,-0.1994017946161544,2.930591259640097,-0.14220174455073414,2.6894945104511585,0.8481844730241568,10,260,2,0,1,1,0,0,0
2026-05-25T09:15:00+08:00,100.2,100.2,40030.77,3686000,0.08059934427181523,,,,,,0.08059934427181523,1.7966027343845197,0.1956905967356787,0.08059934427181523,0.09990009990010842,0.20000000000000281,-0.09548521638782381,0.11940065572818759,0.8482596811671521,15,255,2,0,1,1,0,0,0
2026-05-25T09:20:00+08:00,100.2,100.2,40037.89,2874000,0.06279178941666136,,,,,,0.06279178941666136,1.3832603359484046,-0.017807554855153868,0.12059358682921067,0,-0.09970089730807011,0.017786317874981222,-0.2198071130279504,0.8482596811671521,20,250,2,0,0,1,0,0,0
2026-05-25T09:25:00+08:00,100.4,100.4,40071.85,6954000,0.17785575530419415,,,,,,0.17785575530419415,3.1897619375258017,0.11506396588753279,0.2929470077680576,0.19960079840319644,0.2997002997003111,0.08481965458219484,0.007037854422729247,0.8431107900070146,25,245,2,0,1,1,0,0,0
2026-05-25T09:30:00+08:00,100.45,100.45,40076.67,7374000,0.2158006409219154,,,,,,0.2158006409219154,3.0877457446140317,0.03794488561772125,0.13520129665010017,0.04980079681274617,0.249500998003992,0.012028393997281655,0.11466179641311286,0.843164699136308,30,240,2,0,1,1,0,0,0
2026-05-25T09:35:00+08:00,100.75,100.75,40250.51,4660000,0.08101618361589102,,,,,,0.08101618361589102,1.720287206748251,-0.13478445730602437,0.018224394199229665,0.2986560477849648,0.5489021956087796,0.43376857408563085,0.5310469657616887,0.8383095878900934,35,235,2,0,1,1,0,0,0
2026-05-25T09:40:00+08:00,100.75,100.75,40214.57,3872000,0.17090431865718814,,,,,,0.17090431865718814,1.3268453156055102,0.08988813504129711,-0.00695143664700601,0,0.34860557768923733,-0.08929079407938514,0.3561602471560489,0.8359723351813411,40,230,2,0,0,1,0,0,0
2026-05-25T09:45:00+08:00,100.8,100.8,40192.71,4903000,0.2755775137602092,,,,,,0.2755775137602092,1.5941604890102745,0.10467319510302109,0.05977687283829383,0.049627791563272614,0.3484320557491232,-0.054358407910368264,0.2895450145932805,0.8339794428294375,45,225,3,0,1,1,0,0,1
2026-05-25T09:50:00+08:00,100.75,100.75,40164.17,4015000,0.29695779684531304,,,,,,0.29695779684531304,1.2190678609382117,0.021380283085103813,0.215941613229422,-0.04960317460317178,0,-0.0710079016816753,-0.21450659879838485,0.14837224975749969,50,220,3,0,0,1,0,0,1
2026-05-25T09:55:00+08:00,100.75,100.75,40200.06,2810000,0.2071947148577813,,,,,,0.2071947148577813,0.8148234065997796,-0.08976308198753175,0.036290396200593156,0,0,0.08935825139670363,-0.03608145008140591,0.128863524278873,55,215,3,0,0,1,0,0,1
2026-05-25T10:00:00+08:00,100.8,100.8,40218.4,2693000,0.21132525473931385,,,,,,0.21132525473931385,0.7674551154174979,0.004130539881532558,-0.06425225902089537,0.049627791563272614,0,0.04562182245500077,0.06391706356700588,0.10010813199212848,60,210,4,0,0,1,0,0,0
2026-05-25T10:05:00+08:00,100.95,100.95,40264.8,2542000,0.24527602085183908,,,,,,0.24527602085183908,0.7048775753542412,0.03395076611252523,-0.051681775993473955,0.14880952380952947,0.19851116625310455,0.11537007936666167,0.250546693732261,0.10262430025451091,65,205,4,0,0,1,0,0,0
2026-05-25T10:10:00+08:00,100.8,100.8,40272.73,2349000,0.07544260652580492,,,,,,0.07544260652580492,0.646350691339341,-0.16983341432603416,-0.13175210833197637,-0.14858841010401752,0.049627791563272614,0.019694621604975787,0.1807708744713454,0.1213972674506599,70,200,4,0,0,1,0,0,0
2026-05-25T10:15:00+08:00,100.7,100.7,40220.42,2012000,0.10627311136750195,,,,,,0.10627311136750195,0.5413550018834419,0.030830504841697026,-0.1050521433718119,-0.09920634920634357,-0.09920634920634357,-0.12988938172307898,0.005022576731040515,0.12007457536385667,75,195,4,0,0,1,0,0,0
2026-05-25T10:20:00+08:00,100.6,100.6,40173.34,1299000,0.1240230667860841,,,,,,0.1240230667860841,0.343718991863465,0.017749955418582153,-0.12125295406575498,-0.09930486593843944,-0.34670629024270283,-0.11705496859555854,-0.2271462915499553,0.125800373861105,80,190,4,0,0,1,0,0,0
2026-05-25T10:25:00+08:00,100.55,100.55,40163.25,2643000,0.09925877303445413,,,,,,0.09925877303445413,0.6968925920554772,-0.024764293751629973,0.023816166508649206,-0.0497017892644107,-0.248015873015873,-0.025116159124425573,-0.27184648271920775,0.08357563596772344,85,185,4,0,0,1,0,0,0
2026-05-25T10:30:00+08:00,100.55,100.55,40120.27,1405000,0.20675437804488778,,,,,,0.20675437804488778,0.3649398044130443,0.10749560501043365,0.10048126667738583,0,-0.1489572989076521,-0.10701325216461119,-0.24900286968659566,0.08357563596772292,90,180,4,0,0,1,0,0,0
2026-05-25T10:35:00+08:00,100.5,100.5,40074.42,1170000,0.2714280283410251,,,,,,0.2714280283410251,0.3026305579265927,0.06467365029613731,0.14740496155494098,-0.04972650422675003,-0.0994035785288214,-0.11428138444730943,-0.24623294951327984,0.08057938525217746,95,175,4,0,0,1,0,0,0
2026-05-25T10:40:00+08:00,100.45,100.45,40084.52,1233000,0.19616731148190414,,,,,,0.19616731148190414,0.3189054275996741,-0.07526071685912095,0.09690853844745001,-0.04975124378109169,-0.09945300845350007,0.025203109614558475,-0.19602497307863084,0.0805830419853941,100,170,4,0,0,1,0,0,0
2026-05-25T10:45:00+08:00,100.5,100.5,40079.38,1721000,0.2590227654082281,,,,,,0.2590227654082281,0.48663245253142184,0.06285545392632397,0.05226838736334033,0.049776007964158445,-0.04972650422675003,-0.012822905201308183,-0.10191855638060118,0.08374438969823784,105,165,4,0,0,1,0,0,0
2026-05-25T10:50:00+08:00,100.4,100.4,40117.41,1014000,0.0639074127198404,,,,,,0.0639074127198404,0.31687004890548587,-0.1951153526883877,-0.20752061562118468,-0.09950248756218338,-0.09950248756218338,0.09488669734912594,0.10727541409209476,0.08242951280452691,110,160,4,0,0,1,0,0,0
2026-05-25T10:55:00+08:00,100.45,100.45,40135.95,594000,0.06753774038636612,,,,,,0.06753774038636612,0.1940257067729344,0.0036303276665257123,-0.12862957109553802,0.04980079681274617,0,0.04621434933110985,0.12830389387224866,0.06279859997496075,115,155,4,0,0,1,0,0,0
2026-05-25T11:00:00+08:00,100.5,100.5,40192.8,1164000,-0.024647581736561897,,,,,,-0.024647581736561897,0.400433458898808,-0.09218532212292802,-0.28367034714479,0.049776007964158445,0,0.14164358885240244,0.2829884095013584,0.059654681107660805,120,150,4,0,0,1,0,0,0
2026-05-25T11:05:00+08:00,100.5,100.5,40148.31,695000,0.08662462549737021,,,,,,0.08662462549737021,0.2463359739131976,0.11127220723393211,0.022717212777529805,0,0.09960159362549234,-0.11069146712845393,0.07702391555186185,0.0553807298362002,125,145,4,0,0,1,0,0,0
2026-05-25T11:10:00+08:00,100.5,100.5,40132.69,1768000,0.12569119949137547,,,,,,0.12569119949137547,0.7048317652686972,0.03906657399400526,0.05815345910500935,0,0.049776007964158445,-0.038905747215749166,-0.008122394013334085,0.0487521450101391,130,140,4,0,0,1,0,0,0
2026-05-25T11:15:00+08:00,100.45,100.45,40134.68,2431000,0.07071408795181278,,,,,,0.07071408795181278,1.0910641353619677,-0.054977111539562695,0.09536166968837467,-0.04975124378109169,-0.04975124378109169,0.004958551245874529,-0.14460301347505677,0.048756181282343915,135,135,4,0,0,1,0,0,0
2026-05-25T11:20:00+08:00,100.45,100.45,40183.97,485000,-0.05256321244288187,,,,,,-0.05256321244288187,0.22913566248553138,-0.12327730039469464,-0.13918783794025208,0,-0.04975124378109169,0.12281149370071189,0.0888206751417519,0.04875618128234392,140,130,4,0,0,1,0,0,0
2026-05-25T11:25:00+08:00,100.4,100.4,40129.67,600000,0.033244403938377964,,,,,,0.033244403938377964,0.30811893390848866,0.08580761638125983,-0.09244679555299751,-0.049776007964158445,-0.09950248756218338,-0.13512851019947233,-0.007525037569133976,0.04876022324647175,145,125,4,0,0,1,0,0,0
2026-05-25T11:30:00+08:00,100.4,100.4,40136.56,1552000,0.016012093130519156,,,,,,0.016012093130519156,0.8959963051698756,-0.01723231080785881,-0.05470199482129362,0,-0.049776007964158445,0.017169341287878566,0.0046842282036318236,0.0469491468029488,150,120,4,0,0,1,0,0,0
2026-05-25T11:35:00+08:00,100.45,100.45,40094.03,1460000,0.1723822206571166,,,,,,0.1723822206571166,0.9073958980733374,0.15637012752659746,0.22494543309999848,0.04980079681274617,0,-0.10596324149353817,-0.22382059313702038,0.0469520377352233,155,115,4,0,0,1,0,0,0
2026-05-25T11:40:00+08:00,100.4,100.4,40133.2,694000,0.02441565834306203,,,,,,0.02441565834306203,0.45021083360363284,-0.14796656231405458,-0.008828745595315934,-0.049776007964158445,0,0.09769534267320659,0.008796483997996585,0.03855953492718355,160,110,4,0,0,1,0,0,0
2026-05-25T11:45:00+08:00,100.4,100.4,40076.4,1996000,0.1664759274122037,,,,,,0.1664759274122037,1.3846207207519683,0.14206026906914168,0.15046383428168456,0,0,-0.14152870939769477,-0.14988828140726615,0.0348439184011766,165,105,4,0,0,1,0,0,0
2026-05-25T11:50:00+08:00,100.4,100.4,40132.23,603000,0.026841687585953067,,,,,,0.026841687585953067,0.4263744033940251,-0.13963423982625064,-0.14554053307116355,0,-0.049776007964158445,0.13930891996287526,0.09527602987278747,0.029867262255512866,170,100,4,0,0,1,0,0,0
2026-05-25T11:55:00+08:00,100.45,100.45,40136.01,1157000,0.06738767672184409,,,,,,0.06738767672184409,0.8719243377670598,0.040545989135891025,0.04297201837878206,0.04980079681274617,0.04980079681274617,0.009418863591678896,0.007001684390990371,0.034847813935279665,175,95,4,0,0,1,0,0,0
2026-05-25T12:00:00+08:00,100.55,100.55,40140.79,2253000,0.1554326047825711,,,,,,0.1554326047825711,1.7543996262264445,0.088044928060727,-0.011043322629632618,0.09955201592831689,0.1494023904382385,0.01190950470661841,0.16066812388338128,0.046960435538079694,180,90,4,0,1,1,0,0,0
2026-05-25T12:05:00+08:00,100.7,100.7,40190.68,2841000,0.18065466774278904,,,,,,0.18065466774278904,2.1330430212478415,0.02522206296021795,0.15381298015683598,0.14917951268026425,0.29880478087649115,0.12428753893483266,0.1456435388713687,0.05990948811123844,185,85,4,0,1,1,0,0,0
2026-05-25T12:10:00+08:00,100.65,100.65,40192.58,1205000,0.12590265169998216,,,,,,0.12590265169998216,0.8980473990162469,-0.054752016042806884,0.05851497497813807,-0.04965243296921267,0.1991040318566479,0.004727464178265845,0.1409457492162268,0.06370307118833657,190,80,4,0,0,1,0,0,0
2026-05-25T12:15:00+08:00,100.7,100.7,40192.01,1236000,0.17732825651282036,,,,,,0.17732825651282036,0.9280672773689743,0.0514256048128382,0.021895651730249266,0.0496770988574239,0.14917951268026425,-0.001418172209894734,0.1276008768138374,0.05968340714180341,195,75,4,0,0,1,0,0,0
2026-05-25T12:20:00+08:00,100.65,100.65,40241.94,806000,0.0024502770300268706,,,,,,0.0024502770300268706,0.6037000973709834,-0.1748779794827935,-0.17820439071276217,-0.04965243296921267,-0.04965243296921267,0.12422867132049452,0.1275420072514375,0.06387877655008317,200,70,4,0,0,1,0,0,0
2026-05-25T12:25:00+08:00,100.65,100.65,40242.38,680000,0.001349810156968334,,,,,,0.001349810156968334,0.5176022835394862,-0.0011004668730585365,-0.12455284154301383,0,0,0.0010933866508300851,0.12390346675927655,0.06368376999194426,205,65,4,0,0,1,0,0,0
2026-05-25T12:30:00+08:00,100.65,100.65,40238.64,1147000,0.010703778578065926,,,,,,0.010703778578065926,0.9090909090909091,0.009353968421097592,-0.16662447793475443,0,-0.04965243296921267,-0.009293684916244922,0.11601808419135388,0.059873570693798416,210,60,4,0,0,1,0,0,0
2026-05-25T12:35:00+08:00,100.65,100.65,40194.43,647000,0.12127568871093763,,,,,,0.12127568871093763,0.510111562265936,0.11057191013287171,0.11882541168091076,0,0,-0.10986951845290778,-0.11806090859437203,0.059873570693798416,215,55,4,0,0,1,0,0,0
2026-05-25T12:40:00+08:00,100.65,100.65,40264.97,973000,-0.055149159530931136,,,,,,-0.055149159530931136,0.7655389457120377,-0.17642484824186877,-0.05649896968789947,0,0,0.17549695318480912,0.056134850871155696,0.059873570693798416,220,50,4,0,0,1,0,0,0
2026-05-25T12:45:00+08:00,100.65,100.65,40208.4,825000,0.08633586549093364,,,,,,0.08633586549093364,0.6540092750406279,0.14148502502186477,0.07563208691286771,0,0,-0.1404943304316375,-0.0751516452842292,0.05966526832578939,225,45,5,0,0,1,0,0,1
2026-05-25T12:50:00+08:00,100.6,100.6,40257.32,952000,-0.08601604230595616,,,,,,-0.08601604230595616,0.750818249930991,-0.1723519077968898,-0.2072917310168938,-0.049677098857438026,-0.049677098857438026,0.12166611951731045,0.1564644653500483,0.056455412022289965,230,40,5,0,0,1,0,0,1
2026-05-25T12:55:00+08:00,100.7,100.7,40269.95,2087000,-0.01760444368522629,,,,,,-0.01760444368522629,1.7006885873772561,0.06841159862072987,0.037544715845704846,0.09940357852883552,0.0496770988574239,0.03137317635649214,0.012368070806946895,0.044438077086241146,235,35,5,0,1,1,0,0,1
2026-05-25T13:00:00+08:00,100.7,100.7,40209.95,978000,0.13245922082444195,,,,,,0.13245922082444195,0.8082978635480805,0.15006366450966824,0.04612335533350831,0,0.0496770988574239,-0.14899447354665205,0.003854915888211504,0.04127292838827064,240,30,6,0,0,0,0,0,0
2026-05-25T13:05:00+08:00,100.7,100.7,40266.09,1560000,-0.007950347935102742,,,,,,-0.007950347935102742,1.2635671472541714,-0.1404095687595447,0.07806569437085342,0,0.09940357852883552,0.13961718430388353,0.021784858008423804,0.03848928308854404,245,25,6,0,0,0,0,0,0
2026-05-25T13:10:00+08:00,100.7,100.7,40217.76,3032000,0.11292593382742111,,,,,,0.11292593382742111,2.363948230157493,0.12087628176252385,0.1305303775126474,0,0,-0.1200265533603945,-0.12960035957331723,0.03478737313621005,250,20,6,0,1,0,0,0,0
2026-05-25T13:15:00+08:00,100.75,100.75,40278.23,1671000,0.011686770612421404,,,,,,0.011686770612421404,1.2317558602388323,-0.1012391632149997,-0.12077245021202054,0.04965243296921267,0.04965243296921267,0.15035645943483963,0.16980871649928966,0.03718418057081429,255,15,6,0,0,0,0,0,0
2026-05-25T13:20:00+08:00,100.75,100.75,40209.7,1670000,0.18308448609322947,,,,,,0.18308448609322947,1.221519218812859,0.17139771548080807,0.1910348340283322,0,0.04965243296921267,-0.170141537997092,-0.14004339631684978,0.037184180570814296,260,10,7,0,0,0,1,0,0
2026-05-26T09:00:00+08:00,101.55,101.55,40632.26,6813000,0,,,,,,0,4.8116105794696145,-0.18308448609322947,-0.11292593382742111,0.7940446650124042,0.8440913604766577,1.0508907054765517,1.0306392001941431,0.23780256743757464,0,270,1,0,1,1,0,0,1
2026-05-26T09:05:00+08:00,101.05,101.05,40500.31,3926000,-0.16762632536937733,,,,,,-0.16762632536937733,2.3696281989377113,-0.16762632536937733,-0.17931309598179873,-0.4923682914820286,0.2977667493796498,-0.32474196611265127,0.5513648439864276,0.29523942485887894,5,265,2,0,1,1,0,0,0
2026-05-26T09:10:00+08:00,101.1,101.1,40453.18,4821000,-0.0023979171163049373,,,,,,-0.0023979171163049373,2.644614498477742,0.1652284082530724,-0.1854824032095344,0.04948045522018521,0.3473945409429224,-0.11636947964101359,0.6055255323964198,0.2949402963632289,10,260,2,0,1,1,0,0,0
2026-05-26T09:15:00+08:00,101.25,101.25,40529.23,2313000,-0.04185398156913117,,,,,,-0.04185398156913117,1.1529546644069486,-0.039456064452826234,-0.04185398156913117,0.14836795252226082,-0.2954209748892143,0.18799510940796968,-0.25356699332008314,0.29456333110640387,15,255,2,0,0,1,0,0,0
2026-05-26T09:20:00+08:00,101.25,101.25,40463.06,1156000,0.12099691572283716,,,,,,0.12099691572283716,0.5753676928054152,0.16285089729196833,0.2886232410922145,0,0.19792182088075494,-0.16326488314731252,-0.09197460463882869,0.29490687209889427,20,250,2,0,0,1,0,0,0
2026-05-26T09:25:00+08:00,101.1,101.1,40411.28,1302000,0.10072211607899717,,,,,,0.10072211607899717,0.6763987739622838,-0.02027479964383999,0.10312003319530211,-0.14814814814815375,0,-0.1279685718282276,-0.10357652970669168,0.30095275974649477,25,245,2,0,0,1,0,0,0
2026-05-26T09:30:00+08:00,101.05,101.05,40368,2087000,0.15800163625519797,,,,,,0.15800163625519797,1.0814872392796995,0.057279520176200804,0.19985561782432915,-0.04945598417408226,-0.19753086419753368,-0.10709881003521501,-0.39781165346591385,0.30197576034395474,30,240,2,0,0,1,0,0,0
2026-05-26T09:35:00+08:00,100.55,100.55,40167.98,5545000,0.1579022956018873,,,,,,0.1579022956018873,2.811438422146732,-0.00009934065331068664,0.036905379879050126,-0.4948045522018803,-0.6913580246913609,-0.49549147839872376,-0.7292577476839233,0.3416187906157887,35,235,2,0,1,1,0,0,0
2026-05-26T09:40:00+08:00,100.65,100.65,40217.56,5103000,0.13435468311495224,,,,,,0.13435468311495224,2.309833653954962,-0.023547612486935043,0.033632567035955074,0.09945300845351421,-0.4451038575667543,0.12343164879088883,-0.4793711062851787,0.3428757952971132,40,230,2,0,1,1,0,0,0
2026-05-26T09:45:00+08:00,100.9,100.9,40352.79,2442000,0.04772445919008228,,,,,,0.04772445919008228,1.0047728768926925,-0.08663022392486996,-0.1102771770651157,0.24838549428713363,-0.14844136566055563,0.3362461571512623,-0.037678359096311745,0.3515402258915078,45,225,3,0,0,1,0,0,1
2026-05-26T09:50:00+08:00,101,101,40368.81,731000,0.10677131720513755,,,,,,0.10677131720513755,0.29296835861571446,0.05904685801505527,-0.05113097839674974,0.09910802775024213,0.4475385380407786,0.039699857184588225,0.4999753535029505,0.24256211740644248,50,220,3,0,0,1,0,0,1
2026-05-26T09:55:00+08:00,100.8,100.8,40260.67,1193000,0.1759672080046747,,,,,,0.1759672080046747,0.4773241042671095,0.06919589079953714,0.041612524889722446,-0.19801980198020083,0.1490312965722717,-0.267880078704325,0.10719198280552222,0.20205781143881132,55,215,3,0,0,1,0,0,1
2026-05-26T10:00:00+08:00,100.8,100.8,40270.4,1201000,0.15202071819583007,,,,,,0.15202071819583007,0.478419343916187,-0.023946489808844618,0.1042962590057478,0,-0.09910802775025622,0.024167506402658478,-0.20417423429705708,0.20078586421448755,60,210,4,0,0,1,0,0,0
2026-05-26T10:05:00+08:00,100.8,100.8,40352.63,1066000,-0.0503554233232385,,,,,,-0.0503554233232385,0.42148547931123104,-0.20237614151906858,-0.15712674052837605,0,-0.19801980198020083,0.2041946442051629,-0.04008044824705086,0.19240015237069,65,205,4,0,0,1,0,0,0
2026-05-26T10:10:00+08:00,100.8,100.8,40286.77,643000,0.11173253338899103,,,,,,0.11173253338899103,0.2536639248870742,0.16208795671222953,-0.06423467461568366,0,0,-0.16321117111821606,0.06482753516024087,0.19240015237069,70,200,4,0,0,1,0,0,0
2026-05-26T10:15:00+08:00,100.8,100.8,40298.12,2015000,0.08379906377640789,,,,,,0.08379906377640789,0.8182242706028059,-0.02793346961258314,-0.06822165441942218,0,0,0.02817302057227676,0.06883467757956505,0.18951932124378484,75,195,4,0,0,1,0,0,0
2026-05-26T10:20:00+08:00,100.75,100.75,40297.12,665000,0.03702333327248697,,,,,,0.03702333327248697,0.26446609663949094,-0.04677573050392092,0.08737875659572547,-0.04960317460317178,-0.04960317460317178,-0.0024815053406957942,-0.1375622852834989,0.18952087367323206,80,190,4,0,0,1,0,0,0
2026-05-26T10:25:00+08:00,100.8,100.8,40321.59,2220000,0.02603707859519,,,,,,0.02603707859519,0.898876404494382,-0.01098625467729697,-0.08569545479380103,0.049627791563272614,0,0.06072394255468849,0.08643035914767977,0.10924569244987546,85,185,4,0,0,1,0,0,0
2026-05-26T10:30:00+08:00,100.95,100.95,40455.52,1545000,-0.1558673753885098,,,,,,-0.1558673753885098,0.6360249469979211,-0.1819044539836998,-0.2396664391649177,0.14880952380952947,0.14880952380952947,0.33215456037324,0.39058894062550353,0.11353347785237501,90,180,4,0,0,1,0,0,0
2026-05-26T10:35:00+08:00,101,101,40499.04,778000,-0.21373755923935062,,,,,,-0.21373755923935062,0.3211094372330107,-0.057870183850840806,-0.2507608925118376,0.04952947003466781,0.24813895781637718,0.10757493662176157,0.5010779926704395,0.08807156849149113,95,175,4,0,0,1,0,0,0
2026-05-26T10:40:00+08:00,100.85,100.85,40367.5,1703000,-0.03771513101547663,,,,,,-0.03771513101547663,0.7160727425628088,0.17602242822387398,-0.06375220961066663,-0.14851485148515414,0.04960317460317178,-0.32479782236813726,0.11385959730259519,0.09412431816704075,100,170,4,0,0,1,0,0,0
2026-05-26T10:45:00+08:00,100.8,100.8,40324.74,1518000,0.01828461786570701,,,,,,0.01828461786570701,0.7151101165940408,0.05599974888118364,0.17415199325421682,-0.04957858205255049,-0.14858841010401752,-0.10592679754753709,-0.3232686169897182,0.07350886002035241,105,165,4,0,0,1,0,0,0
2026-05-26T10:50:00+08:00,100.8,100.8,40286.5,1038000,0.11239703002293855,,,,,,0.11239703002293855,0.5183908907034235,0.09411241215723154,0.32613458926228917,0,-0.19801980198020083,-0.09483012165731997,-0.5248025632212538,0.07350886002035241,110,160,4,0,0,1,0,0,0
2026-05-26T10:55:00+08:00,100.75,100.75,40322.96,1919000,-0.02657145569567898,,,,,,-0.02657145569567898,1.0583498786675491,-0.13896848571861753,0.011143675319797652,-0.04960317460317178,-0.09915716410510098,0.09050178099363093,-0.11033628537809098,0.07500175516785246,115,155,4,0,0,1,0,0,0
2026-05-26T11:00:00+08:00,100.7,100.7,40311.81,1078000,-0.04836703496016237,,,,,,-0.04836703496016237,0.601059381098411,-0.02179557926448339,-0.06665165282586938,-0.049627791563272614,-0.09920634920634357,-0.02765173985243508,-0.03206468287210355,0.07614433739069863,120,150,4,0,0,1,0,0,0
2026-05-26T11:05:00+08:00,100.7,100.7,40262.75,506000,0.07237446452816942,,,,,,0.07237446452816942,0.2827447474295932,0.1207414994883318,-0.040022565494769125,0,-0.09920634920634357,-0.1217013078797446,-0.05895275092152458,0.07614433739069863,125,145,4,0,0,1,0,0,0
2026-05-26T11:10:00+08:00,100.7,100.7,40278.84,549000,0.03277538734172569,,,,,,0.03277538734172569,0.31375014287347125,-0.03959907718644373,0.05934684303740467,0,-0.049627791563272614,0.039962496352078554,-0.10941657060891022,0.07500322166482905,130,140,4,0,0,1,0,0,0
2026-05-26T11:15:00+08:00,100.75,100.75,40313.38,865000,-0.0029941306834798675,,,,,,-0.0029941306834798675,0.5170661725147947,-0.03576951802520556,0.0453729042766825,0.04965243296921267,0.04965243296921267,0.08575222126555997,0.0038946403051604702,0.07500501462757772,135,135,4,0,0,1,0,0,0
2026-05-26T11:20:00+08:00,100.75,100.75,40350.53,810000,-0.09442394531845588,,,,,,-0.09442394531845588,0.5629300159844326,-0.09142981463497601,-0.1667984098466253,0,0.04965243296921267,0.09215302710911727,0.21801789495252766,0.05516391677353487,140,130,4,0,0,1,0,0,0
2026-05-26T11:25:00+08:00,100.8,100.8,40344.8,347000,-0.031085020938546037,,,,,,-0.031085020938546037,0.2834388401061875,0.06333892437990984,-0.06386040828027173,0.049627791563272614,0.09930486593842534,-0.014200556969130085,0.163758439915366,0.05517628276662584,145,125,4,0,0,1,0,0,0
2026-05-26T11:30:00+08:00,100.9,100.9,40401.38,838000,-0.0718603239354354,,,,,,-0.0718603239354354,0.7485484591335417,-0.04077530299688936,-0.06886619325195553,0.09920634920635765,0.14888337468983193,0.14024112153237708,0.21828980849534324,0.04680259528713702,150,120,4,0,0,1,0,0,0
2026-05-26T11:35:00+08:00,100.8,100.8,40347.84,600000,-0.038566760817138945,,,,,,-0.038566760817138945,0.5334044539271903,0.033293563118296454,0.05585718450131694,-0.09910802775025622,0.049627791563272614,-0.13252022579426959,-0.006666579100701598,0.05432860492483591,155,115,4,0,0,1,0,0,0
2026-05-26T11:40:00+08:00,100.65,100.65,40298.59,945000,-0.06506814003098849,,,,,,-0.06506814003098849,0.8628560993425858,-0.02650137921384954,-0.03398311909244245,-0.14880952380951534,-0.14880952380951534,-0.1220635354953326,-0.11453768515398861,0.07032084493674239,160,110,4,0,0,1,0,0,0
2026-05-26T11:45:00+08:00,100.55,100.55,40250.8,2607000,-0.0459258941173154,,,,,,-0.0459258941173154,2.408536585365854,0.019142245913673084,0.025934429818119997,-0.09935419771486191,-0.34687809712587564,-0.1185897571105927,-0.3727100410926421,0.07425244831433499,165,105,4,0,1,1,0,0,0
2026-05-26T11:50:00+08:00,100.55,100.55,40178.03,539000,0.13316825422689205,,,,,,0.13316825422689205,0.4648755875630687,0.17909414834420745,0.171735015044031,0,-0.248015873015873,-0.1807914376857207,-0.4208651565982161,0.07375256661070585,170,100,4,0,0,1,0,0,0
2026-05-26T11:55:00+08:00,100.7,100.7,40214.26,730000,0.19171313778926302,,,,,,0.19171313778926302,0.6324453108078839,0.058544883562370975,0.2567812778202515,0.14917951268026425,0.0496770988574239,0.09017365958461179,-0.20926290473188883,0.08880463113820722,175,95,4,0,0,1,0,0,0
2026-05-26T12:00:00+08:00,100.6,100.6,40261.85,646000,-0.023884204988389723,,,,,,-0.023884204988389723,0.5926605504587156,-0.21559734277765275,0.02204168912892568,-0.09930486593843944,0.04972650422675003,0.1183411058664178,0.02745287050194191,0.09367271096457602,180,90,4,0,0,1,0,0,0
2026-05-26T12:05:00+08:00,100.6,100.6,40292.25,865000,-0.098701603774481,,,,,,-0.098701603774481,0.7942702355263762,-0.07481739878609128,-0.23186985800137305,0,0.04972650422675003,0.07550572067602819,0.28428471978342684,0.09167968019393026,185,85,4,0,0,1,0,0,0
2026-05-26T12:10:00+08:00,100.6,100.6,40233.75,491000,0.04527266691585219,,,,,,0.04527266691585219,0.4807598159208851,0.1439742706903332,-0.14644047087341083,0,-0.09930486593843944,-0.14518921132475848,0.048465395111082395,0.09167968019393026,190,80,4,0,0,1,0,0,0
2026-05-26T12:15:00+08:00,100.65,100.65,40240.68,595000,0.0774540824592107,,,,,,0.0774540824592107,0.614288664051208,0.032181415543358516,0.10133828744760043,0.049701789264424825,0.049701789264424825,0.017224345232548025,-0.05258079298392462,0.0916848874576472,195,75,4,0,0,1,0,0,0
2026-05-26T12:20:00+08:00,100.7,100.7,40257.56,587000,0.08514756649198418,,,,,,0.08514756649198418,0.6118088488196363,0.007693484032773479,0.1838491702664652,0.0496770988574239,0.09940357852883552,0.0419476012830732,-0.08609596138215743,0.08658572412945549,200,70,4,0,0,1,0,0,0
2026-05-26T12:25:00+08:00,100.65,100.65,40263.1,761000,0.022276250854475266,,,,,,0.022276250854475266,0.8421402091517733,-0.06287131563750892,-0.022996416061376923,-0.04965243296921267,0.049701789264424825,0.013761390407170414,0.07294870599931287,0.08326336246762946,205,65,4,0,0,1,0,0,0
2026-05-26T12:30:00+08:00,100.65,100.65,40269.03,982000,0.0076819358938989835,,,,,,0.0076819358938989835,1.1342111342111343,-0.014594314960576282,-0.06977214656531172,0,0,0.014728125752861284,0.07045109575682754,0.07027850312628085,210,60,4,0,0,1,0,0,0
2026-05-26T12:35:00+08:00,100.65,100.65,40222.44,946000,0.1223445217308583,,,,,,0.1223445217308583,1.0961761297798378,0.11466258583695932,0.03719695523887412,0,-0.04965243296921267,-0.11569685189833603,-0.08723827276167594,0.06207043705295712,215,55,4,0,0,1,0,0,0
2026-05-26T12:40:00+08:00,100.55,100.55,40215.83,2028000,0.04013872547313102,,,,,,0.04013872547313102,2.490329710812304,-0.08220579625772728,0.017862474618655755,-0.09935419771486191,-0.09935419771486191,-0.016433612679888594,-0.11740278319353652,0.07027850312628085,220,50,4,0,1,1,0,0,0
2026-05-26T12:45:00+08:00,100.45,100.45,40181.65,985000,0.025785418838194962,,,,,,0.025785418838194962,1.1428902941347103,-0.014353306634936058,0.01810348294429598,-0.09945300845350007,-0.19870839542970972,-0.08499140761237625,-0.21699057563591023,0.05554954412849377,225,45,5,0,0,1,0,0,1
2026-05-26T12:50:00+08:00,100.5,100.5,40193.67,805000,0.04543984228216669,,,,,,0.04543984228216669,0.9087830209979679,0.019654423443971725,-0.07690467944869162,0.049776007964158445,-0.1490312965722858,0.029914152355607095,-0.07152723703485933,0.05353233730218367,230,40,5,0,0,1,0,0,1
2026-05-26T12:55:00+08:00,100.7,100.7,40255.26,888000,0.09080809337381568,,,,,,0.09080809337381568,0.9882038726908524,0.04536825109164899,0.05066936790068466,0.19900497512438092,0.14917951268026425,0.15323308371692307,0.09804596846565217,0.0826149024488437,235,35,5,0,0,1,0,0,1
2026-05-26T13:00:00+08:00,100.65,100.65,40190.22,986000,0.20164112004953716,,,,,,0.20164112004953716,1.0958599611003057,0.11083302667572148,0.1758557012113422,-0.04965243296921267,0.1991040318566479,-0.16156894775987254,0.021328143568020996,0.08453467961381746,240,30,6,0,0,0,0,0,0
2026-05-26T13:05:00+08:00,100.6,100.6,40183.43,832000,0.16911515069598082,,,,,,0.16911515069598082,0.915744868196577,-0.03252596935355634,0.12367530841381413,-0.049677098857438026,0.09950248756218338,-0.016894657456467947,-0.025476648437423016,0.08453744108621497,245,25,6,0,0,0,0,0,0
2026-05-26T13:10:00+08:00,100.6,100.6,40162.21,1318000,0.22133966392758853,,,,,,0.22133966392758853,1.41295025728988,0.052224513231607705,0.13053157055377285,0,-0.09930486593843944,-0.052807836463938405,-0.23114991680591035,0.08262025708680194,250,20,6,0,0,0,0,0,0
2026-05-26T13:15:00+08:00,100.5,100.5,40160.54,1937000,0.12697604036713028,,,,,,0.12697604036713028,2.0244565217391304,-0.09436362356045824,-0.07466507968240688,-0.0994035785288214,-0.1490312965722858,-0.004158137712038889,-0.07384881197465526,0.08628099694237275,255,15,6,0,1,0,0,0,0
2026-05-26T13:20:00+08:00,100.55,100.55,40241.28,2127000,-0.022496235023767408,,,,,,-0.022496235023767408,2.0778586430909,-0.1494722753908977,-0.19161138571974823,0.04975124378109169,-0.0497017892644107,0.2010431134641067,0.14396481335714384,0.08840359966549824,260,10,7,0,1,0,1,0,0
2026-05-27T09:00:00+08:00,103.25,103.25,41352.1,7658000,0,,,,,,0,7.072731470791965,0.022496235023767408,-0.22133966392758853,2.6852312282446573,2.6341948310139225,2.7603992715937458,2.9627104683731287,0.813679541429064,0,270,1,0,1,1,0,0,1
2026-05-27T09:05:00+08:00,103.25,103.25,41367.81,3720000,-0.037990815460397724,,,,,,-0.037990815460397724,2.785890811053696,-0.037990815460397724,-0.16496685582752801,0,2.736318407960199,0.037990815460397724,3.0061099776048748,0.8098453651240429,5,265,2,0,1,1,0,0,0
2026-05-27T09:10:00+08:00,103.25,103.25,41319.66,2187000,0.07844825293031081,,,,,,0.07844825293031081,1.463512563991033,0.11643906839070853,0.10094448795407822,0,2.6852312282446573,-0.11639484903840493,2.6797855336609686,0.8058658333769603,10,260,2,0,0,1,0,0,0
2026-05-27T09:15:00+08:00,103.2,103.2,41366.37,2840000,-0.082934675685675,,,,,,-0.082934675685675,1.812149055640633,-0.1613829286159858,-0.082934675685675,-0.04842615012106262,-0.04842615012106262,0.11304546068384667,0.034508525564612376,0.8091847555869114,15,255,2,0,1,1,0,0,0
2026-05-27T09:20:00+08:00,103.55,103.55,41445.2,3826000,0.0654171859356085,,,,,,0.0654171859356085,2.281591031069235,0.1483518616212835,0.10340800139600623,0.3391472868216999,0.2905569007263895,0.1905654279067621,0.1870778269383838,0.8090702033433925,20,250,2,0,1,1,0,0,0
2026-05-27T09:25:00+08:00,103.35,103.35,41300.56,4274000,0.2214892594292061,,,,,,0.2214892594292061,2.341981972108825,0.1560720734935976,0.14304100649889528,-0.19314340898117127,0.09685230024212524,-0.3489909567332271,-0.04622496893731899,0.8160793427656562,25,245,2,0,1,1,0,0,0
2026-05-27T09:30:00+08:00,103.15,103.15,41257.54,2468000,0.13181806958189257,,,,,,0.13181806958189257,1.2253612035152177,-0.08967118984731354,0.21475274526756757,-0.19351717464923915,-0.04844961240309802,-0.1041632365275357,-0.2630881075617748,0.8227979947993056,30,240,2,0,0,1,0,0,0
2026-05-27T09:35:00+08:00,102.9,102.9,41197.58,4294000,0.034686001026568325,,,,,,0.034686001026568325,2.0372435061084095,-0.09713206855532425,-0.03073118490904017,-0.24236548715462916,-0.6277160791887895,-0.14533101101034895,-0.5974636387325802,0.8334228530114699,35,235,2,0,1,1,0,0,0
2026-05-27T09:40:00+08:00,103.15,103.15,41220.57,2120000,0.22122102614274722,,,,,,0.22122102614274722,0.9245126684401029,0.1865350251161789,-0.000268233286458891,0.24295432458697766,-0.19351717464923915,0.055804248696156335,-0.19367776127006017,0.8261999382184059,40,230,2,0,0,1,0,0,0
2026-05-27T09:45:00+08:00,103.05,103.05,41194.44,1156000,0.1875577779680906,,,,,,0.1875577779680906,0.48961267232798966,-0.03366324817465663,0.05573970838619802,-0.09694619486185994,-0.09694619486185994,-0.06339068091488638,-0.15294174107326453,0.831160645744829,45,225,3,0,0,1,0,0,1
2026-05-27T09:50:00+08:00,103.05,103.05,41187.3,899000,0.2048241320347508,,,,,,0.2048241320347508,0.37936491191053906,0.017266354066660217,0.17013813100818248,0,0.1457725947521783,-0.01733243612487369,-0.02495292199201709,0.17764792126334883,50,220,3,0,0,1,0,0,1
2026-05-27T09:55:00+08:00,102.9,102.9,41109.74,858000,0.2471056846702135,,,,,,0.2471056846702135,0.3624229112106108,0.04228155263546268,0.02588465852746627,-0.1455604075691329,-0.24236548715462916,-0.18831047434525922,-0.26887061484108965,0.18139975966771757,55,215,3,0,0,1,0,0,1
2026-05-27T10:00:00+08:00,103.05,103.05,41206.68,1377000,0.15795831385381837,,,,,,0.15795831385381837,0.5963878903373901,-0.08914737081639512,-0.029599464114272223,0.1457725947521783,0,0.2358078645109464,0.029712747642638086,0.18921772565102604,60,210,4,0,0,1,0,0,0
2026-05-27T10:05:00+08:00,103.25,103.25,41288.5,1801000,0.15380113706437773,,,,,,0.15380113706437773,0.7734593085677475,-0.004157176789440636,-0.051022994970373076,0.19408054342552436,0.19408054342552436,0.1985600392945991,0.2457068076810014,0.19919614799571136,65,205,4,0,0,1,0,0,0
2026-05-27T10:10:00+08:00,103.45,103.45,41391.91,1769000,0.0974337944066891,,,,,,0.0974337944066891,0.7438086027835008,-0.05636734265768863,-0.1496718902635244,0.19370460048426424,0.534499514091348,0.2504571490851048,0.6863823512384305,0.1785057396276768,70,200,4,0,0,1,0,0,0
2026-05-27T10:15:00+08:00,103.45,103.45,41326.99,611000,0.25442703054223126,,,,,,0.25442703054223126,0.2522344004788738,0.15699323613554217,0.09646871668841289,0,0.3881610868510487,-0.15684224284408602,0.2919672247315185,0.16771365407461244,75,195,4,0,0,1,0,0,0
2026-05-27T10:20:00+08:00,103.5,103.5,41328.28,1043000,0.2997336292983067,,,,,,0.2997336292983067,0.4339324346813114,0.045306598756075456,0.14593249223392898,0.04833252779120073,0.24213075060532688,0.003121446783327005,0.0963464402920882,0.15348306492351588,80,190,4,0,0,1,0,0,0
2026-05-27T10:25:00+08:00,103.4,103.4,41352.06,1713000,0.145375180638087,,,,,,0.145375180638087,0.7095665140939875,-0.15435844866021972,0.04794138623139789,-0.09661835748791722,-0.04833252779120073,0.05753929270707331,-0.09627485177660519,0.13195846467430344,85,185,4,0,0,1,0,0,0
2026-05-27T10:30:00+08:00,103.6,103.6,41439.88,2582000,0.12670846261614382,,,,,,0.12670846261614382,1.0608488434200254,-0.01866671802194317,-0.12771856792608743,0.19342359767890582,0.1449975833736022,0.21237152393375255,0.27316288943375605,0.12533256890581843,90,180,4,0,0,1,0,0,0
2026-05-27T10:35:00+08:00,103.6,103.6,41455.59,1714000,0.0887176471557461,,,,,,0.0887176471557461,0.6950104413762342,-0.03799081546039773,-0.21101598214256062,0,0.09661835748791722,0.03791034143921056,0.30804572559031657,0.11759538095368292,95,175,4,0,0,1,0,0,0
2026-05-27T10:40:00+08:00,103.7,103.7,41450.94,1023000,0.19681484185304987,,,,,,0.19681484185304987,0.4183193620936414,0.10809719469730378,0.05143966121496288,0.09652509652510476,0.2901353965183725,-0.011216822628731565,0.23911747081041346,0.11678182121796753,100,170,4,0,0,1,0,0,0
2026-05-27T10:45:00+08:00,103.85,103.85,41478.7,1646000,0.2749624814472689,,,,,,0.2749624814472689,0.7787108219988172,0.07814763959421905,0.1482540188311251,0.14464802314367547,0.2413127413127413,0.0669707369724179,0.09367787744559036,0.09547068829874894,105,165,4,0,0,1,0,0,0
2026-05-27T10:50:00+08:00,103.8,103.8,41481.43,597000,0.2199344900654161,,,,,,0.2199344900654161,0.29700753712594213,-0.055027991381852825,0.13121684290967,-0.04814636494944358,0.1930501930501958,0.006581691325917161,0.06233176273695245,0.10204434498864107,110,160,4,0,0,1,0,0,0
2026-05-27T10:55:00+08:00,103.85,103.85,41488.3,522000,0.25174721547527273,,,,,,0.25174721547527273,0.27038926730724405,0.031812725409856635,0.05493237362222286,0.04816955684007433,0.14464802314367547,0.0165616276970264,0.09013064601188919,0.09372264247455006,115,155,4,0,0,1,0,0,0
2026-05-27T11:00:00+08:00,103.75,103.75,41450.89,935000,0.2453619048177236,,,,,,0.2453619048177236,0.5152508748243463,-0.006385310657549131,-0.029600576629545322,-0.09629272989888717,-0.09629272989888717,-0.09016999973487343,-0.06704645999030268,0.0920989920081067,120,150,4,0,0,1,0,0,0
2026-05-27T11:05:00+08:00,103.75,103.75,41458.6,501000,0.2267171443339776,,,,,,0.2267171443339776,0.29998203700377224,-0.018644760483745998,0.0067826542685615054,0,-0.04816955684007433,0.018600324383865163,-0.055036675447306775,0.0920989920081067,125,145,4,0,0,1,0,0,0
2026-05-27T11:10:00+08:00,103.75,103.75,41401.62,401000,0.3645094209051697,,,,,,0.3645094209051697,0.2706807519659793,0.13779227657119208,0.11276220542989696,0,-0.09629272989888717,-0.13743831195456654,-0.2089263720133153,0.09222596870761396,130,140,4,0,0,1,0,0,0
2026-05-27T11:15:00+08:00,103.7,103.7,41451.24,582000,0.19608936479143602,,,,,,0.19608936479143602,0.422320586314491,-0.16842005611373367,-0.04927254002628759,-0.04819277108433461,-0.04819277108433461,0.11985038266617429,0.0008443727022472734,0.08687246237584911,135,135,4,0,0,1,0,0,0
2026-05-27T11:20:00+08:00,103.65,103.65,41443.5,624000,0.16638052286027896,,,,,,0.16638052286027896,0.5232704402515723,-0.029708841931157054,-0.06033662147369864,-0.048216007714558494,-0.09638554216866922,-0.018672541521069,-0.03642187628139528,0.0696871332085105,140,130,4,0,0,1,0,0,0
2026-05-27T11:25:00+08:00,103.7,103.7,41435.78,765000,0.23347561603381337,,,,,,0.23347561603381337,0.6844412633085801,0.0670950931735344,-0.13103380487135632,0.048239266763142455,-0.04819277108433461,-0.018627770337932763,0.08250884868755429,0.07084449080478616,145,125,4,0,0,1,0,0,0
2026-05-27T11:30:00+08:00,103.6,103.6,41380.2,739000,0.2710300327419664,,,,,,0.2710300327419664,0.6729499612985476,0.03755441670815304,0.07494066795053039,-0.09643201542913069,-0.09643201542913069,-0.13413528115073917,-0.17138208651900613,0.07083877381035114,150,120,4,0,0,1,0,0,0
2026-05-27T11:35:00+08:00,103.6,103.6,41390.72,508000,0.24558997044765957,,,,,,0.24558997044765957,0.46599091868091547,-0.025440062294306842,0.0792094475873806,0,-0.048239266763156166,0.0254227867434282,-0.12735410860568927,0.04937840471244989,155,115,4,0,0,1,0,0,0
2026-05-27T11:40:00+08:00,103.6,103.6,41378.62,390000,0.2748508785998418,,,,,,0.2748508785998418,0.36358551251573207,0.02926090815218224,0.04137526256602844,0,-0.09643201542913069,-0.029233605987038988,-0.1379484107696204,0.04914448296669893,160,110,4,0,0,1,0,0,0
2026-05-27T11:45:00+08:00,103.45,103.45,41366.56,1577000,0.15873660611396834,,,,,,0.15873660611396834,1.541092543731066,-0.11611427248587347,-0.11229342662799807,-0.14478764478763656,-0.14478764478763656,-0.02914548624387412,-0.032962624636902235,0.056244276146204794,165,105,4,0,1,1,0,0,0
2026-05-27T11:50:00+08:00,103.45,103.45,41376.87,949000,0.13380437776279647,,,,,,0.13380437776279647,0.9376543819780654,-0.02493222835117187,-0.1117855926848631,0,-0.14478764478763656,0.024923513098514715,-0.03346160685293357,0.053723681764877414,170,100,4,0,0,1,0,0,0
2026-05-27T11:55:00+08:00,103.35,103.35,41271.48,890000,0.2918121692693218,,,,,,0.2918121692693218,0.9164864586551333,0.15800779150652533,0.01696129066947999,-0.0966650555824152,-0.2413127413127413,-0.2547075213760717,-0.2589259864152053,0.056282586483979886,175,95,4,0,0,1,0,0,0
2026-05-27T12:00:00+08:00,103.25,103.25,41320.29,670000,0.07692475110090581,,,,,,0.07692475110090581,0.6801685193644993,-0.214887418168416,-0.08181185501306253,-0.09675858732461957,-0.19333011116481666,0.11826568855780717,-0.11185363249928638,0.05712484999456559,180,90,4,0,0,1,0,0,0
2026-05-27T12:05:00+08:00,103.25,103.25,41246.64,1336000,0.2550293697297093,,,,,,0.2550293697297093,1.3824503311258278,0.1781046186288035,0.12122499196691283,0,-0.19333011116481666,-0.17824173063645354,-0.3147410618541306,0.05893327146974271,185,85,4,0,0,1,0,0,0
2026-05-27T12:10:00+08:00,103.05,103.05,41284.32,671000,-0.02979514969458527,,,,,,-0.02979514969458527,0.7081420505514221,-0.28482451942429454,-0.32160731896390704,-0.19370460048426424,-0.29027576197387245,0.09135289565404671,0.031111072343411254,0.07427304283997582,190,80,4,0,0,1,0,0,0
2026-05-27T12:15:00+08:00,102.55,102.55,41063.22,4126000,0.020619943511969607,,,,,,0.020619943511969607,4.842723004694836,0.05041509320655488,-0.056304807588936204,-0.48520135856380403,-0.677966101694918,-0.5355544187236184,-0.6221398736552907,0.14068105328979458,195,75,4,0,1,1,0,0,0
2026-05-27T12:20:00+08:00,102.3,102.3,40970.26,2559000,0.003290351735333874,,,,,,0.003290351735333874,2.6310919185687847,-0.017329591776635733,-0.2517390179943754,-0.24378352023403219,-0.9200968523002448,-0.22638263633489808,-0.6700667011906846,0.14596402988316107,200,70,4,0,1,1,0,0,0
2026-05-27T12:25:00+08:00,102.1,102.1,40874.5,1830000,0.0411580293215954,,,,,,0.0411580293215954,1.7438536306460835,0.03786767758626153,0.07095317901618067,-0.1955034213098757,-0.9218825812712304,-0.23373051574484038,-0.9926771229367461,0.14076658921475738,205,65,4,0,1,1,0,0,0
2026-05-27T12:30:00+08:00,102.35,102.35,40970.4,1834000,0.05137794589430644,,,,,,0.05137794589430644,1.732476856225203,0.01021991657271104,0.030758002382336835,0.2448579823702253,-0.1950268161872285,0.23462060697990544,-0.2260416986295758,0.1798428905964373,210,60,4,0,1,1,0,0,0
2026-05-27T12:35:00+08:00,102.7,102.7,41116.22,1492000,0.03773077965485361,,,,,,0.03773077965485361,1.3316078361372663,-0.013647166239452835,0.034440427919519734,0.3419638495359146,0.3910068426197514,0.35591549020756374,0.35625841769126954,0.22664115883899827,215,55,4,0,0,1,0,0,0
2026-05-27T12:40:00+08:00,102.55,102.55,41069.29,1647000,0.0059411242984358514,,,,,,0.0059411242984358514,1.4089567560631335,-0.031789655356417756,-0.03521690502315955,-0.14605647517040474,0.4407443682664083,-0.11413986986157844,0.47655628815031587,0.22620548206987431,220,50,4,0,0,1,0,0,0
2026-05-27T12:45:00+08:00,102.55,102.55,41073.28,968000,-0.003707720621164201,,,,,,-0.003707720621164201,0.8036196089826076,-0.009648844919600053,-0.055085666515470644,0,0.1954079140205206,0.009715288479537783,0.25110811707964137,0.22765035264442546,225,45,5,0,0,1,0,0,1
2026-05-27T12:50:00+08:00,102.65,102.65,41049.26,1263000,0.15123110968836373,,,,,,0.15123110968836373,1.0285853896897141,0.15493883030952793,0.11350033003351012,0.09751340809362119,-0.04868549172346364,-0.05848084204620814,-0.1628554375864297,0.23338805608124805,230,40,5,0,0,1,0,0,1
2026-05-27T12:55:00+08:00,102.7,102.7,41153.85,869000,-0.05326822644156565,,,,,,-0.05326822644156565,0.6837136113296617,-0.20449933612992938,-0.0592093507400015,0.04870920603993877,0.14627011214042485,0.2547914383840208,0.20589593830328615,0.23504991102241282,235,35,5,0,0,1,0,0,1
2026-05-27T13:00:00+08:00,102.6,102.6,41056.99,879000,0.08411183394610755,,,,,,0.08411183394610755,0.6838604271210176,0.1373800603876732,0.08781955456727175,-0.09737098344694112,0.04875670404680366,-0.23536072566722332,-0.03966082085482551,0.23103047521086847,240,30,6,0,0,0,0,0,0
2026-05-27T13:05:00+08:00,102.8,102.8,41092.67,1792000,0.19153302923450433,,,,,,0.19153302923450433,1.3804791618519374,0.10742119528839678,0.0403019195461406,0.1949317738791451,0.14612761811981634,0.08690359424789858,0.10575099283153025,0.18687557697936194,245,25,6,0,0,0,0,0,0
2026-05-27T13:10:00+08:00,102.85,102.85,41182.79,793000,0.02202587004357892,,,,,,0.02202587004357892,0.5876468190744377,-0.1695071591909254,0.07529409648514457,0.04863813229571708,0.14605647517039091,0.2193091857988362,0.07032148875500671,0.16409297982399995,250,20,6,0,0,0,0,0,0
2026-05-27T13:15:00+08:00,102.7,102.7,41103.92,1006000,0.06747533918146265,,,,,,0.06747533918146265,0.7440002958251674,0.045449469137883725,-0.016636494764644905,-0.14584346135147447,0.09746588693957947,-0.19151203694553628,0.11430453133559057,0.15707543049350053,255,15,6,0,0,0,0,0,0
2026-05-27T13:20:00+08:00,102.75,102.75,41096.85,2303000,0.13299856538814053,,,,,,0.13299856538814053,1.6724156711811482,0.06552322620667789,-0.05853446384636379,0.04868549172346364,-0.04863813229571708,-0.017200305956219526,0.010172130455383628,0.1443390156562669,260,10,7,0,1,0,1,0,0
2026-05-28T09:00:00+08:00,103.8,103.8,41527.56,7246000,0,,,,,,0,4.920214571874788,-0.13299856538814053,-0.02202587004357892,1.0218978102189753,0.9236752552260601,1.048036528347061,0.8371700897389341,0.3219081039571693,0,270,1,0,1,1,0,0,1
2026-05-28T09:05:00+08:00,103.85,103.85,41506.23,3336000,0.0995330369000501,,,,,,0.0995330369000501,1.8996099422031147,0.0995330369000501,0.03205769771858745,0.04816955684007433,1.119766309639719,-0.051363480059975763,0.9787630960745471,0.31174611786539813,5,265,2,0,1,1,0,0,0
2026-05-28T09:10:00+08:00,104.1,104.1,41662.79,2760000,-0.036621824853234064,,,,,,-0.036621824853234064,1.4716075713143162,-0.13615486175328417,-0.1696203902413746,0.2407318247472316,1.3138686131386805,0.3771963871447676,1.3770885116499254,0.3103372303476839,10,260,2,0,0,1,0,0,0
2026-05-28T09:15:00+08:00,104.05,104.05,41661.77,2320000,-0.08233518152165353,,,,,,-0.08233518152165353,1.1782630777044185,-0.04571335666841947,-0.08233518152165353,-0.048030739673388244,0.24084778420038538,-0.0024482277831227206,0.3231829657220389,0.31584987998239694,15,255,2,0,0,1,0,0,0
2026-05-28T09:20:00+08:00,104.05,104.05,41637.62,1479000,-0.024181030398895076,,,,,,-0.024181030398895076,0.7209359005605654,0.05815415112275846,-0.12371406729894517,0,0.19258545979778802,-0.0579668122597628,0.3165548882661697,0.3175304044799696,20,250,2,0,0,1,0,0,0
2026-05-28T09:25:00+08:00,103.65,103.65,41427.78,2971000,0.095765499211875,,,,,,0.095765499211875,1.4431787822116435,0.11994652961077007,0.13238732406510906,-0.3844305622296891,-0.43227665706050783,-0.5039673257021025,-0.56407648167586,0.3483725731649557,25,245,2,0,0,1,0,0,0
2026-05-28T09:30:00+08:00,103.65,103.65,41441.67,2103000,0.06231783216859235,,,,,,0.06231783216859235,0.9674970671451245,-0.03344766704328264,0.14465301369024589,0,-0.3844305622296891,0.033528226711639915,-0.5283020860611504,0.3481073859474599,30,240,2,0,0,1,0,0,0
2026-05-28T09:35:00+08:00,103.75,103.75,41486.62,1523000,0.05041557553947086,,,,,,0.05041557553947086,0.7348612786489747,-0.011902256629121491,0.07459660593836594,0.09647853352628491,-0.2883229216722702,0.10846570613588778,-0.36265281252867,0.34793121804664817,35,235,2,0,0,1,0,0,0
2026-05-28T09:40:00+08:00,103.7,103.7,41405.4,1258000,0.19782697746509617,,,,,,0.19782697746509617,0.6225565398129361,0.1474114019256253,0.10206147825322118,-0.04819277108433461,0.048239266763142455,-0.19577396278607695,-0.05402172165633153,0.34256666451693524,40,230,2,0,0,1,0,0,0
2026-05-28T09:45:00+08:00,103.75,103.75,41423.27,2440000,0.20296487051371404,,,,,,0.20296487051371404,1.2248381105366197,0.005137893048617864,0.14064703834512168,0.048216007714558494,0.09647853352628491,0.04315862182226314,-0.04439975512570187,0.34257338761877165,45,225,3,0,0,1,0,0,1
2026-05-28T09:50:00+08:00,103.95,103.95,41547.76,4002000,0.09586627496411838,,,,,,0.09586627496411838,1.9788370253164558,-0.10709859554959565,0.04545069942464752,0.19277108433735216,0.19277108433735216,0.30053156112495527,0.14737281562103496,0.1610462125714629,50,220,3,0,1,1,0,0,1
2026-05-28T09:55:00+08:00,104.2,104.2,41607.59,2945000,0.1926410628218473,,,,,,0.1926410628218473,1.371106662321337,0.0967747878577289,-0.0051859146432488845,0.24050024050024052,0.4821600771456124,0.144002949858174,0.48831794886656105,0.17480696853191915,55,215,3,0,0,1,0,0,1
2026-05-28T10:00:00+08:00,103.9,103.9,41579.71,1940000,-0.029240140193654104,,,,,,-0.029240140193654104,0.8767172812725958,-0.2218812030155014,-0.23220501070736815,-0.2879078694817631,0.1445783132530175,-0.06700700521226387,0.3776621208320887,0.18393165977045742,60,210,4,0,0,1,0,0,0
2026-05-28T10:05:00+08:00,103.8,103.8,41480.55,1656000,0.11320193144021648,,,,,,0.11320193144021648,0.7322897320244096,0.14244207163387057,0.017335656476098096,-0.09624639076035468,-0.14430014430014976,-0.2384817017723217,-0.16176564031369953,0.18525510863548164,65,205,4,0,0,1,0,0,0
2026-05-28T10:10:00+08:00,103.7,103.7,41378.94,1514000,0.26154369956482737,,,,,,0.26154369956482737,0.6637294228535104,0.1483417681246109,0.06890263674298008,-0.09633911368014866,-0.47984644913627633,-0.24495817919482885,-0.5495391586006163,0.18626493847885717,70,200,4,0,0,1,0,0,0
2026-05-28T10:15:00+08:00,103.5,103.5,41340.61,2792000,0.16116562179192706,,,,,,0.16116562179192706,1.2069338174901656,-0.10037807777290031,0.19040576198558118,-0.1928640308582477,-0.38498556304139137,-0.0926316623867159,-0.5750400856571596,0.15669298437364015,75,195,4,0,0,1,0,0,0
2026-05-28T10:20:00+08:00,103.6,103.6,41378.77,1445000,0.16561395257995248,,,,,,0.16561395257995248,0.5998464061105461,0.004448330788025423,0.052412021139736004,0.09661835748791722,-0.19267822736031104,0.09230633026459023,-0.2453680098263068,0.1602195636796565,80,190,4,0,0,1,0,0,0
2026-05-28T10:25:00+08:00,103.25,103.25,41254.9,1872000,0.1267108931912425,,,,,,0.1267108931912425,0.7827395885599598,-0.03890305938870997,-0.13483280637358486,-0.33783783783783233,-0.43394406943105385,-0.2993564090957642,-0.29976601623918075,0.18400725411273222,85,185,4,0,0,1,0,0,0
2026-05-28T10:30:00+08:00,103.35,103.35,41283.89,1170000,0.15324094513022957,,,,,,0.15324094513022957,0.4784199873239149,0.026530051938987054,-0.007924676661697494,0.09685230024212524,-0.14492753623188956,0.07027044060220232,-0.13720165232201742,0.1890772961144811,90,180,4,0,0,1,0,0,0
2026-05-28T10:35:00+08:00,103.3,103.3,41233.35,757000,0.22677369875578535,,,,,,0.22677369875578535,0.308507386653082,0.07353275362555578,0.06115974617583286,-0.04837929366230979,-0.28957528957528683,-0.12242063429584972,-0.35143625583843663,0.18710669649840125,95,175,4,0,0,1,0,0,0
2026-05-28T10:40:00+08:00,103.15,103.15,41272.81,955000,-0.012756205855723346,,,,,,-0.012756205855723346,0.4018599171032422,-0.2395299046115087,-0.13946709904696586,-0.14520813165536445,-0.09685230024212524,0.09569923375131811,0.04341302487703574,0.17126972669195684,100,170,4,0,0,1,0,0,0
2026-05-28T10:45:00+08:00,103.4,103.4,41298.61,1785000,0.16596416223833915,,,,,,0.16596416223833915,0.8657063873126728,0.1787203680940625,0.012723217108109586,0.24236548715462916,0.04837929366232353,0.06251088791871189,0.03565555474544953,0.17161615873652936,105,165,4,0,0,1,0,0,0
2026-05-28T10:50:00+08:00,103.5,103.5,41375.71,901000,0.07664343941473334,,,,,,0.07664343941473334,0.45405296444679616,-0.08932072282360581,-0.150130259341052,0.09671179883945291,0.19361084220716637,0.18668909195732872,0.34525450878960984,0.16289274155856406,110,160,4,0,0,1,0,0,0
2026-05-28T10:55:00+08:00,103.35,103.35,41345.88,1104000,0.003966583718198635,,,,,,0.003966583718198635,0.5836946177434704,-0.0726768556965347,0.01672278957392198,-0.14492753623188956,0.19389238972369233,-0.07209543957070887,0.17704149535735442,0.16525803939636738,115,155,4,0,0,1,0,0,0
2026-05-28T11:00:00+08:00,103.35,103.35,41343.01,360000,0.010877656750169107,,,,,,0.010877656750169107,0.19665683382497542,0.006911073031970472,-0.15508650548817005,0,-0.0483558994197402,-0.006941441323767552,0.10750967163301973,0.16469243150046006,120,150,4,0,0,1,0,0,0
2026-05-28T11:05:00+08:00,103.45,103.45,41355.43,346000,0.07730892128148126,,,,,,0.07730892128148126,0.19496802186346604,0.06643126453131215,0.000665481866747919,0.09675858732463331,-0.04830917874395861,0.0300413540281616,-0.0490142646494739,0.15953523702812797,125,145,4,0,0,1,0,0,0
2026-05-28T11:10:00+08:00,103.35,103.35,41272.68,816000,0.1802350666244833,,,,,,0.1802350666244833,0.4965315808689303,0.10292614534300204,0.17626848290628466,-0.0966650555824152,0,-0.20009464295256996,-0.17704303306640734,0.15778765606445377,130,140,4,0,0,1,0,0,0
2026-05-28T11:15:00+08:00,103.15,103.15,41272.34,1487000,-0.011624427345256594,,,,,,-0.011624427345256594,0.9417054558120389,-0.1918594939697399,-0.0225020840954257,-0.19351717464923915,-0.19351717464923915,-0.000823789489812107,-0.1709357881779907,0.1330931999356375,135,135,4,0,0,1,0,0,0
2026-05-28T11:20:00+08:00,102.6,102.6,41012.28,2894000,0.08474516960800771,,,,,,0.08474516960800771,1.8348391187192898,0.0963695969532643,0.007436248326526451,-0.5332040717401951,-0.8216529724504673,-0.6301072340458469,-0.8297580269386666,0.2000672114121034,140,130,4,0,1,1,0,0,0
2026-05-28T11:25:00+08:00,102.2,102.2,40884.7,3285000,0.006606379493751646,,,,,,0.006606379493751646,1.980048823121666,-0.07813879011425606,-0.17362868713073165,-0.3898635477582763,-1.11272375423318,-0.3110775601844173,-0.9400407242757272,0.22105944707665348,145,125,4,0,1,1,0,0,0
2026-05-28T11:30:00+08:00,101.1,101.1,40517.85,3503000,-0.16973462298012665,,,,,,-0.16973462298012665,2.059013695409393,-0.1763410024738783,-0.15811019563487005,-1.0763209393346462,-1.9873969946679702,-0.8972794223756041,-1.8280766246837423,0.3661359336338489,150,120,4,0,1,1,0,0,0
2026-05-28T11:35:00+08:00,100.35,100.35,40204.92,5439000,-0.1387302111568851,,,,,,-0.1387302111568851,3.2445491693262145,0.03100441182324154,-0.22347538076489282,-0.741839762611276,-2.192982456140351,-0.7723262710138872,-1.968581117655494,0.3663134736930571,155,115,4,0,1,1,0,0,0
2026-05-28T11:40:00+08:00,100.95,100.95,40490.46,3522000,-0.2482870947735294,-0.2482870947735294,,,,,-0.2482870947735294,1.9555259431998002,-0.10955688361664428,-0.25489347426728104,0.597907324364732,-1.223091976516634,0.7102115860446953,-0.9642726985889537,0.44315639453514516,160,110,4,1,1,1,0,1,0
2026-05-28T11:45:00+08:00,101.65,101.65,40650.88,3021000,0.03978902301177323,,0.03978902301177323,,,,0.03978902301177323,1.6067866925511263,0.2880761177853026,0.20952364599189988,0.6934125804853917,0.544015825914947,0.3961920906801213,0.3283244298500509,0.5262612060027153,165,105,4,1,1,1,0,0,0
2026-05-28T11:50:00+08:00,101.45,101.45,40614.86,2317000,-0.06615162573809963,,,,,,-0.06615162573809963,1.1891808663518784,-0.10594064874987286,0.07257858541878548,-0.19675356615838938,1.0961634280020016,-0.08860816789205252,1.0196264536778143,0.5234198171671479,170,100,4,1,0,1,0,0,0
2026-05-28T11:55:00+08:00,101.2,101.2,40504.56,2536000,-0.04139266588705803,,,,,,-0.04139266588705803,1.275301098790576,0.024758959851041595,0.20689442888647136,-0.2464268112370626,0.24764735017335313,-0.27157547754689515,0.03482301757006106,0.5150700217993458,175,95,4,1,0,1,0,0,0
2026-05-28T12:00:00+08:00,100.95,100.95,40321.72,2902000,0.15804547087684284,,,,,,0.15804547087684284,1.4688093129191446,0.19943813676390088,0.11825644786506961,-0.24703557312252966,-0.688637481554356,-0.4514059651555196,-0.8097241683328781,0.5134912527938507,180,90,4,1,0,1,0,0,0
2026-05-28T12:05:00+08:00,101.3,101.3,40492.43,5132000,0.08415596552058924,,,,,,0.08415596552058924,2.505125451527873,-0.0738895053562536,0.15030759125868887,0.34670629024268873,-0.14785608674224315,0.423369836405786,-0.3014413936180016,0.5424428510421027,185,85,4,1,1,1,0,0,0
2026-05-28T12:10:00+08:00,100.8,100.8,40351.8,2579000,-0.058897024313087076,,,,,,-0.058897024313087076,1.166124073069271,-0.14305298983367631,-0.017504358426029043,-0.4935834155972359,-0.39525691699605303,-0.34729948289099316,-0.3771427217083577,0.5399828490839946,190,80,4,1,0,1,0,0,0
2026-05-28T12:15:00+08:00,100.65,100.65,40251.56,2260000,0.03797617301542777,,,,,,0.03797617301542777,0.9903376350211432,0.09687319732851485,-0.12006929786141507,-0.14880952380951534,-0.29717682020802094,-0.24841518841787782,-0.17400051386697665,0.5352295528462212,195,75,4,1,0,1,0,0,0
2026-05-28T12:20:00+08:00,100.65,100.65,40242.44,2967000,0.05993749219718403,,,,,,0.05993749219718403,1.2586967588664517,0.021961319181756256,-0.02421847332340521,0,-0.6416584402763983,-0.022657506938849933,-0.6173746549663678,0.4377251169698701,200,70,4,1,0,1,0,0,0
2026-05-28T12:25:00+08:00,100.75,100.75,40251.31,2764000,0.13491729654156792,,,,,,0.13491729654156792,1.1245829603710635,0.0749798043443839,0.193814320854655,0.0993541977148478,-0.04960317460317178,0.0220414070319676,-0.24903473946640606,0.3712465841804793,205,65,4,1,0,1,0,0,0
2026-05-28T12:30:00+08:00,100.95,100.95,40384.34,2008000,0.007254044652920122,,,,,,0.007254044652920122,0.8010371995611848,-0.1276632518886478,-0.03072212836250765,0.19851116625310455,0.2980625931445575,0.33049856017108226,0.3298754135243425,0.3281059104582514,210,60,4,1,0,1,0,0,0
2026-05-28T12:35:00+08:00,101,101,40379.07,2361000,0.06811396904648603,,,,,,0.06811396904648603,0.9215096990749776,0.06085992439356591,0.008176476849302006,0.04952947003466781,0.3477396920019814,-0.013049612795446947,0.3395171863336253,0.23609335423783834,215,55,4,1,0,1,0,0,0
2026-05-28T12:40:00+08:00,100.9,100.9,40363.63,1704000,0.00895498345477419,,,,,,0.00895498345477419,0.6491552220042287,-0.05915898559171184,-0.12596231308679373,-0.09900990099009338,0.14888337468983193,-0.03823763152544704,0.2790468186004374,0.2323829488783311,220,50,4,1,0,1,0,0,0
2026-05-28T12:45:00+08:00,100.7,100.7,40210.8,2865000,0.18429741514593267,,,,,,0.18429741514593267,1.0642051891610795,0.17534243169115848,0.17704337049301255,-0.19821605550049837,-0.24764735017335313,-0.37863294257725205,-0.42972102552621533,0.22881509612586753,225,45,5,1,0,1,0,0,1
2026-05-28T12:50:00+08:00,100.6,100.6,40185.79,2762000,0.1481833664587584,,,,,,0.1481833664587584,0.9800929704410773,-0.03611404868717427,0.08006939741227237,-0.09930486593843944,-0.39603960396040166,-0.06219722064719437,-0.47866382261899254,0.22017469853898985,230,40,5,1,0,1,0,0,1
2026-05-28T12:55:00+08:00,100.5,100.5,40196.22,4652000,0.02672840200384652,,,,,,0.02672840200384652,1.5956644028263702,-0.12145496445491188,0.01777341854907233,-0.0994035785288214,-0.39643211100099673,0.025954448077293715,-0.41475456989372916,0.17993822291978956,235,35,5,1,1,1,0,0,1
2026-05-28T13:00:00+08:00,100.25,100.25,40108.9,4745000,-0.0038493831886516894,,,,,,-0.0038493831886516894,1.5437671823402144,-0.030577785192498208,-0.18814679833458436,-0.24875621890547264,-0.44687189672294225,-0.21723435686241072,-0.253414505555725,0.13219948222434041,240,30,6,1,1,0,0,0,0
2026-05-28T13:05:00+08:00,100.75,100.75,40313.5,3225000,-0.014838672747266468,,,,,,-0.014838672747266468,1.0185711578548418,-0.010989289558614779,-0.16302203920602487,0.4987531172069825,0.1491053677932462,0.5101112221975634,0.3177989035427676,0.20740568229142478,245,25,6,1,0,0,0,0,0
2026-05-28T13:10:00+08:00,100.75,100.75,40321.03,2727000,-0.03297120930852593,,,,,,-0.03297120930852593,0.8621016691957512,-0.01813253656125946,-0.05969961131237245,0,0.24875621890547264,0.018678606422163384,0.3105018332569522,0.20740568229142478,250,20,6,1,0,0,0,0,0
2026-05-28T13:15:00+08:00,100.5,100.5,40238.87,4387000,-0.07597447772229549,,,,,,-0.07597447772229549,1.404109589041096,-0.04300326841376956,-0.0721250945336438,-0.24813895781637718,0.24937655860349126,-0.2037646359728316,0.32404279349471354,0.21836869111218876,255,15,6,1,0,0,0,0,0
2026-05-28T13:20:00+08:00,100.55,100.55,40228.85,3248000,-0.0036763662548744414,,,,,,-0.0036763662548744414,1.0573605052412267,0.07229811146742104,0.011162306492392027,0.04975124378109169,-0.19851116625310455,-0.024901295687488424,-0.20997928733551158,0.2074570679035778,260,10,7,1,0,0,1,0,0
2026-05-29T09:00:00+08:00,102.7,102.7,41151.14,7748000,0,,,,,,0,2.5335992936790817,0.0036763662548744414,0.03297120930852593,2.138239681750379,1.9354838709677449,2.292608414110771,2.0587519713658122,0.6876519370368892,0,270,1,0,1,1,0,0,1
2026-05-29T09:05:00+08:00,103.2,103.2,41310.26,3062000,0.10018276185816016,,,,,,0.10018276185816016,0.9294419402328158,0.10018276185816016,0.17615723958045565,0.486854917234664,2.6865671641791073,0.38667215537650385,2.6625747691224912,0.6872460897300197,5,265,2,0,0,1,0,0,0
2026-05-29T09:10:00+08:00,103.2,103.2,41253.98,3169000,0.23694689524547058,,,,,,0.23694689524547058,0.9511660713749738,0.13676413338731042,0.24062326150034502,0,2.6355047240179075,-0.136237341522418,2.5482458484396266,0.6774566806799669,10,260,2,0,0,1,0,0,0
2026-05-29T09:15:00+08:00,103.35,103.35,41321.22,2033000,0.21960570998653212,,,,,,0.21960570998653212,0.604456865922369,-0.017341185258938463,0.21960570998653212,0.14534883720929406,0.632911392405055,0.16299033450832612,0.4133056824185229,0.6688426331663206,15,255,2,0,0,1,0,0,0
2026-05-29T09:20:00+08:00,103.35,103.35,41326.13,1514000,0.20767408427702272,,,,,,0.20767408427702272,0.45603783246483326,-0.011931625709509397,0.10749132241886256,0,0.14534883720929406,0.011882514601447432,0.03841660643141762,0.6639659094616671,20,250,2,0,0,1,0,0,0
2026-05-29T09:25:00+08:00,103,103,41185.77,2062000,0.20795975312682446,,,,,,0.20795975312682446,0.6568971009875757,0.00028566884980174567,-0.028987142118646114,-0.33865505563618226,-0.19379844961240586,-0.33963983561974126,-0.16534162279616754,0.6716581384161353,25,245,2,0,0,1,0,0,0
2026-05-29T09:30:00+08:00,103.25,103.25,41221.3,1493000,0.36504695482780836,,,,,,0.36504695482780836,0.4795785619067504,0.1570872017009839,0.14544124484127624,0.24271844660194172,-0.09675858732461957,0.08626765992236181,-0.24181280223574778,0.667439432829691,30,240,2,0,0,1,0,0,0
2026-05-29T09:35:00+08:00,103.25,103.25,41324.78,1793000,0.11358369038362548,,,,,,0.11358369038362548,0.583127357876935,-0.2514632644441829,-0.09409039389339724,0,-0.09675858732461957,0.25103526574852303,-0.003266698333472176,0.667439432829691,35,235,2,0,0,1,0,0,0
2026-05-29T09:40:00+08:00,103.75,103.75,41505.36,6273000,0.1616172286722829,,,,,,0.1616172286722829,2.079838201651139,0.04803353828865742,-0.04634252445454157,0.48426150121065376,0.7281553398058253,0.43697752292934594,0.7759718951472895,0.6489489214012802,40,230,2,0,1,1,0,0,0
2026-05-29T09:45:00+08:00,103.4,103.4,41369.02,2083000,0.15213403085157007,,,,,,0.15213403085157007,0.6526609327756105,-0.00948319782071283,-0.2129129239762383,-0.337349397590356,0.1452784503632016,-0.3284876941195156,0.3583584214956682,0.6749885748564345,45,225,3,0,0,1,0,0,1
2026-05-29T09:50:00+08:00,103.55,103.55,41358.68,1512000,0.3233173919356842,,,,,,0.3233173919356842,0.4731950051638344,0.17118336108411414,0.20973370155205873,0.14506769825917937,0.2905569007263895,-0.02499454906110057,0.08203310459245387,0.2706497071974532,50,220,3,0,0,1,0,0,1
2026-05-29T09:55:00+08:00,103.65,103.65,41389.05,1566000,0.34688726075979204,,,,,,0.34688726075979204,0.4966934678148342,0.02356986882410783,0.18527003208750914,0.09657170449059249,-0.09638554216866922,0.07343077680429505,-0.2802288668258694,0.23542070873757778,55,215,3,0,0,1,0,0,1
2026-05-29T10:00:00+08:00,103.7,103.7,41388.67,827000,0.39649617769092804,,,,,,0.39649617769092804,0.26287766811297064,0.049608916931136005,0.24436214683935797,0.048239266763142455,0.2901353965183725,-0.0009181172315012221,0.047499312287314174,0.23496766060724927,60,210,4,0,0,1,0,0,0
2026-05-29T10:05:00+08:00,103.8,103.8,41553.73,2761000,0.09276041172579808,,,,,,0.09276041172579808,0.9070153249782362,-0.30373576596512997,-0.23055698020988613,0.09643201542911699,0.24142926122646063,0.398804793679055,0.4716059603449697,0.23340700075223791,65,205,4,0,0,1,0,0,0
2026-05-29T10:10:00+08:00,103.8,103.8,41468.34,1703000,0.3002637761526564,,,,,,0.3002637761526564,0.55946123521682,0.20750336442685835,-0.04662348460713561,0,0.14471780028942738,-0.20549298462498236,0.19157240864429986,0.23340700075223791,70,200,4,0,0,1,0,0,0
2026-05-29T10:15:00+08:00,103.9,103.9,41482.43,2935000,0.363395124926041,,,,,,0.363395124926041,1.0132744126633408,0.06313134877338455,-0.03310105276488706,0.09633911368016236,0.1928640308582477,0.03397772855147755,0.2265354262410511,0.19555482037037497,75,195,4,0,0,1,0,0,0
2026-05-29T10:20:00+08:00,103.8,103.8,41477.54,1675000,0.2779071658618981,,,,,,0.2779071658618981,0.596924502414426,-0.08548795906414286,0.18514675413610004,-0.09624639076035468,0,-0.01178812330907186,-0.1833529745705195,0.19504172844130122,80,190,4,0,0,1,0,0,0
2026-05-29T10:25:00+08:00,103.65,103.65,41440.04,1140000,0.2229781782896637,,,,,,0.2229781782896637,0.41780432830624326,-0.05492898757223441,-0.07728559786299272,-0.144508670520223,-0.144508670520223,-0.0904103763145066,-0.0682448344930027,0.20362244024421589,85,185,4,0,0,1,0,0,0
2026-05-29T10:30:00+08:00,103.75,103.75,41449.95,920000,0.29626720434732734,,,,,,0.29626720434732734,0.3472746489506266,0.07328902605766363,-0.06712792057871364,0.09647853352628491,-0.1443695861405252,0.023914069581004786,-0.07829820962755364,0.14301638322685567,90,180,4,0,0,1,0,0,0
2026-05-29T10:35:00+08:00,103.7,103.7,41516.58,759000,0.08566639265944787,,,,,,0.08566639265944787,0.3065613829593877,-0.21060081168787947,-0.19224077320245025,-0.04819277108433461,-0.09633911368014866,0.1607480829289412,0.09412322910182444,0.09199696648765361,95,175,4,0,0,1,0,0,0
2026-05-29T10:40:00+08:00,103.7,103.7,41470.52,683000,0.1975952480933555,,,,,,0.1975952480933555,0.2904652547418559,0.11192885543390763,-0.025382930196308218,0,0.048239266763142455,-0.11094362782292026,0.073552052555924,0.08360889969370887,100,170,4,0,0,1,0,0,0
2026-05-29T10:45:00+08:00,103.75,103.75,41544.8,585000,0.06577541238237605,,,,,,0.06577541238237605,0.2927708130020269,-0.13181983571097944,-0.2304917919649513,0.048216007714558494,0,0.17911518833138845,0.22883019159252502,0.08004545530905295,105,165,4,0,0,1,0,0,0
2026-05-29T10:50:00+08:00,103.75,103.75,41508.76,533000,0.15335500313004646,,,,,,0.15335500313004646,0.28437283252414236,0.08757959074767041,0.0676886104705986,0,0.048216007714558494,-0.08674972559742945,-0.018835848232199543,0.07902310925934436,110,160,4,0,0,1,0,0,0
2026-05-29T10:55:00+08:00,103.8,103.8,41459.26,213000,0.3223287784830766,,,,,,0.3223287784830766,0.12223816355810617,0.16897377535303015,0.12473353038972113,0.04819277108433461,0.09643201542911699,-0.11925193621780075,-0.027151817724964052,0.0746359952395911,115,155,4,0,0,1,0,0,0
2026-05-29T11:00:00+08:00,103.75,103.75,41480,516000,0.22324371095199758,,,,,,0.22324371095199758,0.31244323342415986,-0.09908506753107904,0.15746829856962152,-0.04816955684007433,0,0.05002501250624821,-0.15597619918739025,0.07602386295501853,120,150,4,0,0,1,0,0,0
2026-05-29T11:05:00+08:00,103.95,103.95,41614.18,1577000,0.09191937688798135,,,,,,0.09191937688798135,0.9846403596403597,-0.13132433406401622,-0.06143562624206511,0.19277108433735216,0.19277108433735216,0.323481195756992,0.25397048719354237,0.09255780626887898,125,145,4,0,0,1,0,0,0
2026-05-29T11:10:00+08:00,103.9,103.9,41544.89,846000,0.21161318158255382,,,,,,0.21161318158255382,0.5363425999302628,0.11969380469457247,-0.1107155969005228,-0.04810004810004537,0.09633911368016236,-0.16650574395554804,0.2065401070834293,0.08832921401162994,130,140,4,0,0,1,0,0,0
2026-05-29T11:15:00+08:00,103.95,103.95,41495.06,585000,0.38138887882645167,,,,,,0.38138887882645167,0.3786407766990291,0.16977569724389785,0.1581451678744541,0.0481231953801705,0.19277108433735216,-0.11994254889109526,0.036306653809059,0.07212341509436371,135,135,4,0,0,1,0,0,0
2026-05-29T11:20:00+08:00,103.95,103.95,41570.24,470000,0.19869649168966697,,,,,,0.19869649168966697,0.3165835915398087,-0.1826923871367847,0.10677711480168561,0,0,0.1811781932596321,-0.1055890083620591,0.06881974325053902,140,130,4,0,0,1,0,0,0
2026-05-29T11:25:00+08:00,103.9,103.9,41547.55,847000,0.2051492051289162,,,,,,0.2051492051289162,0.7091129808698564,0.006452713439249247,-0.00646397645363761,-0.04810004810004537,0,-0.05458231658031095,0.006402712824618124,0.06881065690768468,145,125,4,0,0,1,0,0,0
2026-05-29T11:30:00+08:00,103.85,103.85,41565.54,1358000,0.1127468200216879,,,,,,0.1127468200216879,1.1989581953825101,-0.09240238510722831,-0.2686420588047638,-0.04812319538018418,-0.0962000962001044,0.04329978542657259,0.16985154377413408,0.07161720266411552,150,120,4,0,0,1,0,0,0
2026-05-29T11:35:00+08:00,103.85,103.85,41539.85,613000,0.1751752241922706,,,,,,0.1751752241922706,0.544913107249211,0.06242840417058271,-0.02352126749739636,0,-0.0962000962001044,-0.061806005647953396,-0.07310518293856234,0.07080212530414204,155,115,4,0,0,1,0,0,0
2026-05-29T11:40:00+08:00,103.85,103.85,41590.23,631000,0.05274848218705608,,,,,,0.05274848218705608,0.5857235681797085,-0.12242674200521453,-0.15240072294186013,0,-0.04812319538018418,0.12128113125108698,0.10272567215154754,0.07080212530414204,160,110,4,0,0,1,0,0,0
2026-05-29T11:45:00+08:00,104,104,41561.27,1773000,0.2691796784466125,,,,,,0.2691796784466125,1.6608899297423887,0.21643119625955642,0.1564328584249246,0.14443909484834444,0.14443909484834444,-0.0696317380307981,-0.010272932818878509,0.0811688459648283,165,105,4,0,1,1,0,0,0
2026-05-29T11:50:00+08:00,103.95,103.95,41595.4,517000,0.1375560226771353,,,,,,0.1375560226771353,0.5078086631961497,-0.1316236557694772,-0.037619201515135314,-0.04807692307692034,0.09629272989890085,0.08211972348295579,0.13372701153230673,0.08116115222948027,170,100,4,0,0,1,0,0,0
2026-05-29T11:55:00+08:00,104,104,41583.62,525000,0.21486769583809728,,,,,,0.21486769583809728,0.5475594493116396,0.07731167316096199,0.1621192136510412,0.04810004810004537,0.14443909484834444,-0.028320439279340588,-0.01589315567622632,0.05874831669410138,175,95,4,0,0,1,0,0,0
2026-05-29T12:00:00+08:00,104.05,104.05,41669.87,4795000,0.053959966085801,,,,,,0.053959966085801,5.719909340331624,-0.16090772975229628,-0.2152197123608115,0.04807692307692034,0.04807692307692034,0.20741339979540022,0.26130096601957986,0.05714724936100448,180,90,4,0,1,1,0,0,0
2026-05-29T12:05:00+08:00,104.1,104.1,41609.74,1314000,0.24876534658999994,,,,,,0.24876534658999994,1.321532736598612,0.19480538050419893,0.11120932391286464,0.04805382027870943,0.1443001443001361,-0.14430090614634664,0.034474965981806896,0.05714316443735878,185,85,4,0,0,1,0,0,0
2026-05-29T12:10:00+08:00,104.1,104.1,41633.61,611000,0.19075966315084703,,,,,,0.19075966315084703,0.609172482552343,-0.05800568343915291,-0.024108032687250258,0,0.09615384615384068,0.057366376237877534,0.12021560412488849,0.05714316443735878,190,80,4,0,0,1,0,0,0
2026-05-29T12:15:00+08:00,104.15,104.15,41656.43,1041000,0.18399104108792708,,,,,,0.18399104108792708,1.0541238418307934,-0.006768622062919949,0.13003107500212607,0.04803073967340189,0.09610764055743251,0.05481148523992925,-0.032253520349361124,0.0538023809247543,195,75,4,0,0,1,0,0,0
2026-05-29T12:20:00+08:00,104.15,104.15,41677,981000,0.13400457655741915,,,,,,0.13400457655741915,0.9793840163729846,-0.049986464530507924,-0.11476077003258078,0,0.04803073967340189,0.049380131710757995,0.16164484565393114,0.04907627249728488,200,70,4,0,0,1,0,0,0
2026-05-29T12:25:00+08:00,104.1,104.1,41660.82,871000,0.12463755814962707,,,,,,0.12463755814962707,0.8568196350400865,-0.009367018407792083,-0.06612210500121996,-0.04800768122900755,0,-0.03882237205173187,0.06535585071772332,0.05378689420143312,205,65,4,0,0,1,0,0,0
2026-05-29T12:30:00+08:00,104.25,104.25,41656.12,1871000,0.2821153450989933,,,,,,0.2821153450989933,1.8150070330309938,0.1574777869493662,0.0981243040110662,0.14409221902017838,0.09601536245798782,-0.011281583031724027,-0.0007441828308322909,0.06378278090787055,210,60,4,0,1,1,0,0,0
2026-05-29T12:35:00+08:00,104.25,104.25,41702.46,1509000,0.16950607109103988,,,,,,0.16950607109103988,1.3746299248462766,-0.1126092740079534,0.035501494533620725,0,0.09601536245798782,0.11124415812129528,0.06108884996520653,0.05370930653432889,215,55,4,0,0,1,0,0,0
2026-05-29T12:40:00+08:00,104.3,104.3,41716.19,1589000,0.18482675202189114,,,,,,0.18482675202189114,1.3668229323469958,0.01532068093085126,0.06018919387226407,0.04796163069544092,0.19212295869356663,0.032923717209975625,0.13290664946105868,0.04826848136491905,220,50,4,0,0,1,0,0,0
2026-05-29T12:45:00+08:00,104.2,104.2,41645.99,1450000,0.25804642535872313,,,,,,0.25804642535872313,1.192238118730472,0.07321967333683199,-0.024068919740270145,-0.09587727708532533,-0.04796163069544092,-0.16827998913612283,-0.024318155411508936,0.06147234350181654,225,45,5,0,0,1,0,0,1
2026-05-29T12:50:00+08:00,104.2,104.2,41699.17,1450000,0.12881549761285682,,,,,,0.12881549761285682,1.1984956812828036,-0.1292309277458663,-0.040690573478183056,0,-0.04796163069544092,0.1276953675491933,-0.007889222842011894,0.06090590373159491,230,40,5,0,0,1,0,0,1
2026-05-29T12:55:00+08:00,104.25,104.25,41699.2,534000,0.17742808734624482,,,,,,0.17742808734624482,0.4306277972662393,0.048612589733388,-0.007398664675646316,0.04798464491362491,-0.047938638542662663,0.00007194387801684266,-0.04072759281229958,0.06090208771153952,235,35,5,0,0,1,0,0,1
2026-05-29T13:00:00+08:00,104.4,104.4,41707.32,1830000,0.30375242386872214,,,,,,0.30375242386872214,1.4787878787878788,0.12632433652247732,0.04570599850999901,0.14388489208633637,0.19193857965451327,0.019472795641169664,0.1472650788227192,0.07181506181271624,240,30,6,0,0,0,0,0,0
2026-05-29T13:05:00+08:00,104.35,104.35,41699.91,2548000,0.27307372369463123,,,,,,0.27307372369463123,1.9517426273458445,-0.03067870017409091,0.1442582260817744,-0.0478927203065243,0.14395393474087473,-0.017766665419874057,0.0017746156578302128,0.07494476564912804,245,25,6,0,1,0,0,0,0
2026-05-29T13:10:00+08:00,104.25,104.25,41580.13,2689000,0.4667760859679104,,,,,,0.4667760859679104,1.9337672144115639,0.1937023622732792,0.2893479986216656,-0.09583133684714358,0,-0.28724282618357233,-0.28554504642774853,0.0825319184358261,250,20,6,0,1,0,0,0,0
2026-05-29T13:15:00+08:00,104.3,104.3,41685.69,1645000,0.25894377526839163,,,,,,0.25894377526839163,1.1289547731796032,-0.2078323106995188,-0.044808648600330514,0.04796163069544092,-0.09578544061303498,0.2538712601427772,-0.05186139986936917,0.0808338422310977,255,15,6,0,0,0,0,0,0
2026-05-29T13:20:00+08:00,104.35,104.35,41708.06,2123000,0.25326868305664596,,,,,,0.25326868305664596,1.4071717372572414,-0.005675092211745669,-0.01980504063798527,0.047938638542662663,0,0.05366349939270609,0.01954440669055204,0.07046264811841753,260,10,7,0,0,0,1,0,0